[Map Map Map Map ], 2500, 0, False, 0.0001, 1, 0.01, 30, 30, 2, 0.5, 1, run1_Map_koh__init.txt, run1_Map_q_1.txt, , run1_Map_q_1.txt, 799, 9209, 7.98%, 799, 9209, 7.98%, 0, 0, 0.00%, 0, 0, 0.00%, 0, 0, 0.00%, 0, 0, 0.00%, 0, 0, 0.00%, 
[Map Map Map Map ], 2500, 0, False, 0.0001, 1, 0.01, 30, 30, 2, 0.5, 1, run1_Map_koh__init.txt, run1_Map_q_2.txt, , run1_Map_q_2.txt, 48, 9960, 0.48%, 48, 9960, 0.48%, 0, 0, 0.00%, 0, 0, 0.00%, 0, 0, 0.00%, 0, 0, 0.00%, 0, 0, 0.00%, 
[Map Map Map Map ], 2500, 0, False, 0.0001, 1, 0.01, 30, 30, 2, 0.5, 1, run1_Map_koh__init.txt, run1_Map_q_3.txt, , run1_Map_q_3.txt, 1293, 8714, 12.92%, 1293, 8714, 12.92%, 0, 0, 0.00%, 0, 0, 0.00%, 0, 0, 0.00%, 0, 0, 0.00%, 0, 0, 0.00%, 
[Map Map Map Map ], 2500, 0, False, 0.0001, 1, 0.01, 30, 30, 2, 0.5, 1, run1_Map_koh__init.txt, run1_Map_q_4.txt, , run1_Map_q_4.txt, 264, 9744, 2.64%, 264, 9744, 2.64%, 0, 0, 0.00%, 0, 0, 0.00%, 0, 0, 0.00%, 0, 0, 0.00%, 0, 0, 0.00%, 
[Map Map Map Map ], 2500, 0, False, 0.0001, 1, 0.01, 30, 30, 2, 0.5, 1, run1_Map_koh__init.txt, run1_Map_q_5.txt, , run1_Map_q_5.txt, 189, 9818, 1.89%, 189, 9818, 1.89%, 0, 0, 0.00%, 0, 0, 0.00%, 0, 0, 0.00%, 0, 0, 0.00%, 0, 0, 0.00%, 

[Map1 Map1 Map1 Map1 ], 2500, 0, False, 0.0001, 1, 0.01, 30, 30, 2, 0.5, 1, run1_Map1_koh__init.txt, run1_Map1_q_1.txt, , run1_Map1_q_1.txt, 8522, 1482, 85.19%, 0, 0, 0.00%, 8522, 1482, 85.19%, 0, 0, 0.00%, 0, 0, 0.00%, 0, 0, 0.00%, 0, 0, 0.00%, 
[Map1 Map1 Map1 Map1 ], 2500, 0, False, 0.0001, 1, 0.01, 30, 30, 2, 0.5, 1, run1_Map1_koh__init.txt, run1_Map1_q_2.txt, , run1_Map1_q_2.txt, 7420, 2587, 74.15%, 0, 0, 0.00%, 7420, 2587, 74.15%, 0, 0, 0.00%, 0, 0, 0.00%, 0, 0, 0.00%, 0, 0, 0.00%, 
[Map1 Map1 Map1 Map1 ], 2500, 0, False, 0.0001, 1, 0.01, 30, 30, 2, 0.5, 1, run1_Map1_koh__init.txt, run1_Map1_q_3.txt, , run1_Map1_q_3.txt, 7609, 2397, 76.04%, 0, 0, 0.00%, 7609, 2397, 76.04%, 0, 0, 0.00%, 0, 0, 0.00%, 0, 0, 0.00%, 0, 0, 0.00%, 
[Map1 Map1 Map1 Map1 ], 2500, 0, False, 0.0001, 1, 0.01, 30, 30, 2, 0.5, 1, run1_Map1_koh__init.txt, run1_Map1_q_4.txt, , run1_Map1_q_4.txt, 9138, 869, 91.32%, 0, 0, 0.00%, 9138, 869, 91.32%, 0, 0, 0.00%, 0, 0, 0.00%, 0, 0, 0.00%, 0, 0, 0.00%, 
[Map1 Map1 Map1 Map1 ], 2500, 0, False, 0.0001, 1, 0.01, 30, 30, 2, 0.5, 1, run1_Map1_koh__init.txt, run1_Map1_q_5.txt, , run1_Map1_q_5.txt, 8982, 1025, 89.76%, 0, 0, 0.00%, 8982, 1025, 89.76%, 0, 0, 0.00%, 0, 0, 0.00%, 0, 0, 0.00%, 0, 0, 0.00%, 

[Map2 Map2 Map2 Map2 ], 2500, 0, False, 0.0001, 1, 0.01, 30, 30, 2, 0.5, 1, run1_Map2_koh__init.txt, run1_Map2_q_1.txt, , run1_Map2_q_1.txt, 2953, 7055, 29.51%, 0, 0, 0.00%, 0, 0, 0.00%, 2953, 7055, 29.51%, 0, 0, 0.00%, 0, 0, 0.00%, 0, 0, 0.00%, 
[Map2 Map2 Map2 Map2 ], 2500, 0, False, 0.0001, 1, 0.01, 30, 30, 2, 0.5, 1, run1_Map2_koh__init.txt, run1_Map2_q_2.txt, , run1_Map2_q_2.txt, 1755, 8252, 17.54%, 0, 0, 0.00%, 0, 0, 0.00%, 1755, 8252, 17.54%, 0, 0, 0.00%, 0, 0, 0.00%, 0, 0, 0.00%, 
[Map2 Map2 Map2 Map2 ], 2500, 0, False, 0.0001, 1, 0.01, 30, 30, 2, 0.5, 1, run1_Map2_koh__init.txt, run1_Map2_q_3.txt, , run1_Map2_q_3.txt, 2644, 7364, 26.42%, 0, 0, 0.00%, 0, 0, 0.00%, 2644, 7364, 26.42%, 0, 0, 0.00%, 0, 0, 0.00%, 0, 0, 0.00%, 
[Map2 Map2 Map2 Map2 ], 2500, 0, False, 0.0001, 1, 0.01, 30, 30, 2, 0.5, 1, run1_Map2_koh__init.txt, run1_Map2_q_4.txt, , run1_Map2_q_4.txt, 839, 9166, 8.39%, 0, 0, 0.00%, 0, 0, 0.00%, 839, 9166, 8.39%, 0, 0, 0.00%, 0, 0, 0.00%, 0, 0, 0.00%, 
[Map2 Map2 Map2 Map2 ], 2500, 0, False, 0.0001, 1, 0.01, 30, 30, 2, 0.5, 1, run1_Map2_koh__init.txt, run1_Map2_q_5.txt, , run1_Map2_q_5.txt, 4182, 5826, 41.79%, 0, 0, 0.00%, 0, 0, 0.00%, 4182, 5826, 41.79%, 0, 0, 0.00%, 0, 0, 0.00%, 0, 0, 0.00%, 

[Map3 Map3 Map3 Map3 ], 2500, 0, False, 0.0001, 1, 0.01, 30, 30, 2, 0.5, 1, run1_Map3_koh__init.txt, run1_Map3_q_1.txt, , run1_Map3_q_1.txt, 2504, 7504, 25.02%, 0, 0, 0.00%, 0, 0, 0.00%, 0, 0, 0.00%, 2504, 7504, 25.02%, 0, 0, 0.00%, 0, 0, 0.00%, 
[Map3 Map3 Map3 Map3 ], 2500, 0, False, 0.0001, 1, 0.01, 30, 30, 2, 0.5, 1, run1_Map3_koh__init.txt, run1_Map3_q_2.txt, , run1_Map3_q_2.txt, 0, 10007, 0.00%, 0, 0, 0.00%, 0, 0, 0.00%, 0, 0, 0.00%, 0, 10007, 0.00%, 0, 0, 0.00%, 0, 0, 0.00%, 
[Map3 Map3 Map3 Map3 ], 2500, 0, False, 0.0001, 1, 0.01, 30, 30, 2, 0.5, 1, run1_Map3_koh__init.txt, run1_Map3_q_3.txt, , run1_Map3_q_3.txt, 4147, 5860, 41.44%, 0, 0, 0.00%, 0, 0, 0.00%, 0, 0, 0.00%, 4147, 5860, 41.44%, 0, 0, 0.00%, 0, 0, 0.00%, 
[Map3 Map3 Map3 Map3 ], 2500, 0, False, 0.0001, 1, 0.01, 30, 30, 2, 0.5, 1, run1_Map3_koh__init.txt, run1_Map3_q_4.txt, , run1_Map3_q_4.txt, 2701, 7307, 26.99%, 0, 0, 0.00%, 0, 0, 0.00%, 0, 0, 0.00%, 2701, 7307, 26.99%, 0, 0, 0.00%, 0, 0, 0.00%, 
[Map3 Map3 Map3 Map3 ], 2500, 0, False, 0.0001, 1, 0.01, 30, 30, 2, 0.5, 1, run1_Map3_koh__init.txt, run1_Map3_q_5.txt, , run1_Map3_q_5.txt, 1892, 8115, 18.91%, 0, 0, 0.00%, 0, 0, 0.00%, 0, 0, 0.00%, 1892, 8115, 18.91%, 0, 0, 0.00%, 0, 0, 0.00%, 

[Map4 Map4 Map4 Map4 ], 2500, 0, False, 0.0001, 1, 0.01, 30, 30, 2, 0.5, 1, run1_Map4_koh__init.txt, run1_Map4_q_1.txt, , run1_Map4_q_1.txt, 4689, 5318, 46.86%, 0, 0, 0.00%, 0, 0, 0.00%, 0, 0, 0.00%, 0, 0, 0.00%, 4689, 5318, 46.86%, 0, 0, 0.00%, 
[Map4 Map4 Map4 Map4 ], 2500, 0, False, 0.0001, 1, 0.01, 30, 30, 2, 0.5, 1, run1_Map4_koh__init.txt, run1_Map4_q_2.txt, , run1_Map4_q_2.txt, 6302, 3706, 62.97%, 0, 0, 0.00%, 0, 0, 0.00%, 0, 0, 0.00%, 0, 0, 0.00%, 6302, 3706, 62.97%, 0, 0, 0.00%, 
[Map4 Map4 Map4 Map4 ], 2500, 0, False, 0.0001, 1, 0.01, 30, 30, 2, 0.5, 1, run1_Map4_koh__init.txt, run1_Map4_q_3.txt, , run1_Map4_q_3.txt, 5264, 4743, 52.60%, 0, 0, 0.00%, 0, 0, 0.00%, 0, 0, 0.00%, 0, 0, 0.00%, 5264, 4743, 52.60%, 0, 0, 0.00%, 
[Map4 Map4 Map4 Map4 ], 2500, 0, False, 0.0001, 1, 0.01, 30, 30, 2, 0.5, 1, run1_Map4_koh__init.txt, run1_Map4_q_4.txt, , run1_Map4_q_4.txt, 7894, 2113, 78.88%, 0, 0, 0.00%, 0, 0, 0.00%, 0, 0, 0.00%, 0, 0, 0.00%, 7894, 2113, 78.88%, 0, 0, 0.00%, 
[Map4 Map4 Map4 Map4 ], 2500, 0, False, 0.0001, 1, 0.01, 30, 30, 2, 0.5, 1, run1_Map4_koh__init.txt, run1_Map4_q_5.txt, , run1_Map4_q_5.txt, 6764, 3244, 67.59%, 0, 0, 0.00%, 0, 0, 0.00%, 0, 0, 0.00%, 0, 0, 0.00%, 6764, 3244, 67.59%, 0, 0, 0.00%, 

[Map5 Map5 Map5 Map5 ], 2500, 0, False, 0.0001, 1, 0.01, 30, 30, 2, 0.5, 1, run1_Map5_koh__init.txt, run1_Map5_q_1.txt, , run1_Map5_q_1.txt, 4301, 5705, 42.98%, 0, 0, 0.00%, 0, 0, 0.00%, 0, 0, 0.00%, 0, 0, 0.00%, 0, 0, 0.00%, 4301, 5705, 42.98%, 
[Map5 Map5 Map5 Map5 ], 2500, 0, False, 0.0001, 1, 0.01, 30, 30, 2, 0.5, 1, run1_Map5_koh__init.txt, run1_Map5_q_2.txt, , run1_Map5_q_2.txt, 4707, 5301, 47.03%, 0, 0, 0.00%, 0, 0, 0.00%, 0, 0, 0.00%, 0, 0, 0.00%, 0, 0, 0.00%, 4707, 5301, 47.03%, 
[Map5 Map5 Map5 Map5 ], 2500, 0, False, 0.0001, 1, 0.01, 30, 30, 2, 0.5, 1, run1_Map5_koh__init.txt, run1_Map5_q_3.txt, , run1_Map5_q_3.txt, 3305, 6701, 33.03%, 0, 0, 0.00%, 0, 0, 0.00%, 0, 0, 0.00%, 0, 0, 0.00%, 0, 0, 0.00%, 3305, 6701, 33.03%, 
[Map5 Map5 Map5 Map5 ], 2500, 0, False, 0.0001, 1, 0.01, 30, 30, 2, 0.5, 1, run1_Map5_koh__init.txt, run1_Map5_q_4.txt, , run1_Map5_q_4.txt, 3992, 6015, 39.89%, 0, 0, 0.00%, 0, 0, 0.00%, 0, 0, 0.00%, 0, 0, 0.00%, 0, 0, 0.00%, 3992, 6015, 39.89%, 
[Map5 Map5 Map5 Map5 ], 2500, 0, False, 0.0001, 1, 0.01, 30, 30, 2, 0.5, 1, run1_Map5_koh__init.txt, run1_Map5_q_5.txt, , run1_Map5_q_5.txt, 4163, 5845, 41.60%, 0, 0, 0.00%, 0, 0, 0.00%, 0, 0, 0.00%, 0, 0, 0.00%, 0, 0, 0.00%, 4163, 5845, 41.60%, 

[Map Map Map Map ], 2500, 0, False, 0.0001, 1, 0.01, 30, 30, 2, 0.5, 1, run2_Map_koh__init.txt, run2_Map_q_1.txt, , run2_Map_q_1.txt, 2997, 7010, 29.95%, 2997, 7010, 29.95%, 0, 0, 0.00%, 0, 0, 0.00%, 0, 0, 0.00%, 0, 0, 0.00%, 0, 0, 0.00%, 
[Map Map Map Map ], 2500, 0, False, 0.0001, 1, 0.01, 30, 30, 2, 0.5, 1, run2_Map_koh__init.txt, run2_Map_q_2.txt, , run2_Map_q_2.txt, 2176, 7832, 21.74%, 2176, 7832, 21.74%, 0, 0, 0.00%, 0, 0, 0.00%, 0, 0, 0.00%, 0, 0, 0.00%, 0, 0, 0.00%, 
[Map Map Map Map ], 2500, 0, False, 0.0001, 1, 0.01, 30, 30, 2, 0.5, 1, run2_Map_koh__init.txt, run2_Map_q_3.txt, , run2_Map_q_3.txt, 3240, 6768, 32.37%, 3240, 6768, 32.37%, 0, 0, 0.00%, 0, 0, 0.00%, 0, 0, 0.00%, 0, 0, 0.00%, 0, 0, 0.00%, 
[Map Map Map Map ], 2500, 0, False, 0.0001, 1, 0.01, 30, 30, 2, 0.5, 1, run2_Map_koh__init.txt, run2_Map_q_4.txt, , run2_Map_q_4.txt, 3598, 6410, 35.95%, 3598, 6410, 35.95%, 0, 0, 0.00%, 0, 0, 0.00%, 0, 0, 0.00%, 0, 0, 0.00%, 0, 0, 0.00%, 
[Map Map Map Map ], 2500, 0, False, 0.0001, 1, 0.01, 30, 30, 2, 0.5, 1, run2_Map_koh__init.txt, run2_Map_q_5.txt, , run2_Map_q_5.txt, 4436, 5572, 44.32%, 4436, 5572, 44.32%, 0, 0, 0.00%, 0, 0, 0.00%, 0, 0, 0.00%, 0, 0, 0.00%, 0, 0, 0.00%, 

[Map1 Map1 Map1 Map1 ], 2500, 0, False, 0.0001, 1, 0.01, 30, 30, 2, 0.5, 1, run2_Map1_koh__init.txt, run2_Map1_q_1.txt, , run2_Map1_q_1.txt, 9396, 610, 93.90%, 0, 0, 0.00%, 9396, 610, 93.90%, 0, 0, 0.00%, 0, 0, 0.00%, 0, 0, 0.00%, 0, 0, 0.00%, 
[Map1 Map1 Map1 Map1 ], 2500, 0, False, 0.0001, 1, 0.01, 30, 30, 2, 0.5, 1, run2_Map1_koh__init.txt, run2_Map1_q_2.txt, , run2_Map1_q_2.txt, 9589, 418, 95.82%, 0, 0, 0.00%, 9589, 418, 95.82%, 0, 0, 0.00%, 0, 0, 0.00%, 0, 0, 0.00%, 0, 0, 0.00%, 
[Map1 Map1 Map1 Map1 ], 2500, 0, False, 0.0001, 1, 0.01, 30, 30, 2, 0.5, 1, run2_Map1_koh__init.txt, run2_Map1_q_3.txt, , run2_Map1_q_3.txt, 8202, 1804, 81.97%, 0, 0, 0.00%, 8202, 1804, 81.97%, 0, 0, 0.00%, 0, 0, 0.00%, 0, 0, 0.00%, 0, 0, 0.00%, 
[Map1 Map1 Map1 Map1 ], 2500, 0, False, 0.0001, 1, 0.01, 30, 30, 2, 0.5, 1, run2_Map1_koh__init.txt, run2_Map1_q_4.txt, , run2_Map1_q_4.txt, 3866, 6141, 38.63%, 0, 0, 0.00%, 3866, 6141, 38.63%, 0, 0, 0.00%, 0, 0, 0.00%, 0, 0, 0.00%, 0, 0, 0.00%, 
[Map1 Map1 Map1 Map1 ], 2500, 0, False, 0.0001, 1, 0.01, 30, 30, 2, 0.5, 1, run2_Map1_koh__init.txt, run2_Map1_q_5.txt, , run2_Map1_q_5.txt, 5173, 4834, 51.69%, 0, 0, 0.00%, 5173, 4834, 51.69%, 0, 0, 0.00%, 0, 0, 0.00%, 0, 0, 0.00%, 0, 0, 0.00%, 

[Map2 Map2 Map2 Map2 ], 2500, 0, False, 0.0001, 1, 0.01, 30, 30, 2, 0.5, 1, run2_Map2_koh__init.txt, run2_Map2_q_1.txt, , run2_Map2_q_1.txt, 3182, 6824, 31.80%, 0, 0, 0.00%, 0, 0, 0.00%, 3182, 6824, 31.80%, 0, 0, 0.00%, 0, 0, 0.00%, 0, 0, 0.00%, 
[Map2 Map2 Map2 Map2 ], 2500, 0, False, 0.0001, 1, 0.01, 30, 30, 2, 0.5, 1, run2_Map2_koh__init.txt, run2_Map2_q_2.txt, , run2_Map2_q_2.txt, 4497, 5509, 44.94%, 0, 0, 0.00%, 0, 0, 0.00%, 4497, 5509, 44.94%, 0, 0, 0.00%, 0, 0, 0.00%, 0, 0, 0.00%, 
[Map2 Map2 Map2 Map2 ], 2500, 0, False, 0.0001, 1, 0.01, 30, 30, 2, 0.5, 1, run2_Map2_koh__init.txt, run2_Map2_q_3.txt, , run2_Map2_q_3.txt, 2377, 7631, 23.75%, 0, 0, 0.00%, 0, 0, 0.00%, 2377, 7631, 23.75%, 0, 0, 0.00%, 0, 0, 0.00%, 0, 0, 0.00%, 
[Map2 Map2 Map2 Map2 ], 2500, 0, False, 0.0001, 1, 0.01, 30, 30, 2, 0.5, 1, run2_Map2_koh__init.txt, run2_Map2_q_4.txt, , run2_Map2_q_4.txt, 5701, 4305, 56.98%, 0, 0, 0.00%, 0, 0, 0.00%, 5701, 4305, 56.98%, 0, 0, 0.00%, 0, 0, 0.00%, 0, 0, 0.00%, 
[Map2 Map2 Map2 Map2 ], 2500, 0, False, 0.0001, 1, 0.01, 30, 30, 2, 0.5, 1, run2_Map2_koh__init.txt, run2_Map2_q_5.txt, , run2_Map2_q_5.txt, 3335, 6672, 33.33%, 0, 0, 0.00%, 0, 0, 0.00%, 3335, 6672, 33.33%, 0, 0, 0.00%, 0, 0, 0.00%, 0, 0, 0.00%, 

[Map3 Map3 Map3 Map3 ], 2500, 0, False, 0.0001, 1, 0.01, 30, 30, 2, 0.5, 1, run2_Map3_koh__init.txt, run2_Map3_q_1.txt, , run2_Map3_q_1.txt, 5965, 4041, 59.61%, 0, 0, 0.00%, 0, 0, 0.00%, 0, 0, 0.00%, 5965, 4041, 59.61%, 0, 0, 0.00%, 0, 0, 0.00%, 
[Map3 Map3 Map3 Map3 ], 2500, 0, False, 0.0001, 1, 0.01, 30, 30, 2, 0.5, 1, run2_Map3_koh__init.txt, run2_Map3_q_2.txt, , run2_Map3_q_2.txt, 4623, 5385, 46.19%, 0, 0, 0.00%, 0, 0, 0.00%, 0, 0, 0.00%, 4623, 5385, 46.19%, 0, 0, 0.00%, 0, 0, 0.00%, 
[Map3 Map3 Map3 Map3 ], 2500, 0, False, 0.0001, 1, 0.01, 30, 30, 2, 0.5, 1, run2_Map3_koh__init.txt, run2_Map3_q_3.txt, , run2_Map3_q_3.txt, 5887, 4119, 58.83%, 0, 0, 0.00%, 0, 0, 0.00%, 0, 0, 0.00%, 5887, 4119, 58.83%, 0, 0, 0.00%, 0, 0, 0.00%, 
[Map3 Map3 Map3 Map3 ], 2500, 0, False, 0.0001, 1, 0.01, 30, 30, 2, 0.5, 1, run2_Map3_koh__init.txt, run2_Map3_q_4.txt, , run2_Map3_q_4.txt, 5943, 4064, 59.39%, 0, 0, 0.00%, 0, 0, 0.00%, 0, 0, 0.00%, 5943, 4064, 59.39%, 0, 0, 0.00%, 0, 0, 0.00%, 
[Map3 Map3 Map3 Map3 ], 2500, 0, False, 0.0001, 1, 0.01, 30, 30, 2, 0.5, 1, run2_Map3_koh__init.txt, run2_Map3_q_5.txt, , run2_Map3_q_5.txt, 5776, 4228, 57.74%, 0, 0, 0.00%, 0, 0, 0.00%, 0, 0, 0.00%, 5776, 4228, 57.74%, 0, 0, 0.00%, 0, 0, 0.00%, 

[Map4 Map4 Map4 Map4 ], 2500, 0, False, 0.0001, 1, 0.01, 30, 30, 2, 0.5, 1, run2_Map4_koh__init.txt, run2_Map4_q_1.txt, , run2_Map4_q_1.txt, 4841, 5167, 48.37%, 0, 0, 0.00%, 0, 0, 0.00%, 0, 0, 0.00%, 0, 0, 0.00%, 4841, 5167, 48.37%, 0, 0, 0.00%, 
[Map4 Map4 Map4 Map4 ], 2500, 0, False, 0.0001, 1, 0.01, 30, 30, 2, 0.5, 1, run2_Map4_koh__init.txt, run2_Map4_q_2.txt, , run2_Map4_q_2.txt, 3529, 6479, 35.26%, 0, 0, 0.00%, 0, 0, 0.00%, 0, 0, 0.00%, 0, 0, 0.00%, 3529, 6479, 35.26%, 0, 0, 0.00%, 
[Map4 Map4 Map4 Map4 ], 2500, 0, False, 0.0001, 1, 0.01, 30, 30, 2, 0.5, 1, run2_Map4_koh__init.txt, run2_Map4_q_3.txt, , run2_Map4_q_3.txt, 4793, 5215, 47.89%, 0, 0, 0.00%, 0, 0, 0.00%, 0, 0, 0.00%, 0, 0, 0.00%, 4793, 5215, 47.89%, 0, 0, 0.00%, 
[Map4 Map4 Map4 Map4 ], 2500, 0, False, 0.0001, 1, 0.01, 30, 30, 2, 0.5, 1, run2_Map4_koh__init.txt, run2_Map4_q_4.txt, , run2_Map4_q_4.txt, 5670, 4337, 56.66%, 0, 0, 0.00%, 0, 0, 0.00%, 0, 0, 0.00%, 0, 0, 0.00%, 5670, 4337, 56.66%, 0, 0, 0.00%, 
[Map4 Map4 Map4 Map4 ], 2500, 0, False, 0.0001, 1, 0.01, 30, 30, 2, 0.5, 1, run2_Map4_koh__init.txt, run2_Map4_q_5.txt, , run2_Map4_q_5.txt, 4583, 5425, 45.79%, 0, 0, 0.00%, 0, 0, 0.00%, 0, 0, 0.00%, 0, 0, 0.00%, 4583, 5425, 45.79%, 0, 0, 0.00%, 

[Map5 Map5 Map5 Map5 ], 2500, 0, False, 0.0001, 1, 0.01, 30, 30, 2, 0.5, 1, run2_Map5_koh__init.txt, run2_Map5_q_1.txt, , run2_Map5_q_1.txt, 5603, 4403, 56.00%, 0, 0, 0.00%, 0, 0, 0.00%, 0, 0, 0.00%, 0, 0, 0.00%, 0, 0, 0.00%, 5603, 4403, 56.00%, 
[Map5 Map5 Map5 Map5 ], 2500, 0, False, 0.0001, 1, 0.01, 30, 30, 2, 0.5, 1, run2_Map5_koh__init.txt, run2_Map5_q_2.txt, , run2_Map5_q_2.txt, 717, 9290, 7.16%, 0, 0, 0.00%, 0, 0, 0.00%, 0, 0, 0.00%, 0, 0, 0.00%, 0, 0, 0.00%, 717, 9290, 7.16%, 
[Map5 Map5 Map5 Map5 ], 2500, 0, False, 0.0001, 1, 0.01, 30, 30, 2, 0.5, 1, run2_Map5_koh__init.txt, run2_Map5_q_3.txt, , run2_Map5_q_3.txt, 6063, 3943, 60.59%, 0, 0, 0.00%, 0, 0, 0.00%, 0, 0, 0.00%, 0, 0, 0.00%, 0, 0, 0.00%, 6063, 3943, 60.59%, 
[Map5 Map5 Map5 Map5 ], 2500, 0, False, 0.0001, 1, 0.01, 30, 30, 2, 0.5, 1, run2_Map5_koh__init.txt, run2_Map5_q_4.txt, , run2_Map5_q_4.txt, 2450, 7555, 24.49%, 0, 0, 0.00%, 0, 0, 0.00%, 0, 0, 0.00%, 0, 0, 0.00%, 0, 0, 0.00%, 2450, 7555, 24.49%, 
[Map5 Map5 Map5 Map5 ], 2500, 0, False, 0.0001, 1, 0.01, 30, 30, 2, 0.5, 1, run2_Map5_koh__init.txt, run2_Map5_q_5.txt, , run2_Map5_q_5.txt, 4006, 6000, 40.04%, 0, 0, 0.00%, 0, 0, 0.00%, 0, 0, 0.00%, 0, 0, 0.00%, 0, 0, 0.00%, 4006, 6000, 40.04%, 

[Map Map Map Map ], 2500, 0, False, 0.0001, 1, 0.01, 30, 30, 2, 0.5, 1, run3_Map_koh__init.txt, run3_Map_q_1.txt, , run3_Map_q_1.txt, 1573, 8435, 15.72%, 1573, 8435, 15.72%, 0, 0, 0.00%, 0, 0, 0.00%, 0, 0, 0.00%, 0, 0, 0.00%, 0, 0, 0.00%, 
[Map Map Map Map ], 2500, 0, False, 0.0001, 1, 0.01, 30, 30, 2, 0.5, 1, run3_Map_koh__init.txt, run3_Map_q_2.txt, , run3_Map_q_2.txt, 4418, 5590, 44.14%, 4418, 5590, 44.14%, 0, 0, 0.00%, 0, 0, 0.00%, 0, 0, 0.00%, 0, 0, 0.00%, 0, 0, 0.00%, 
[Map Map Map Map ], 2500, 0, False, 0.0001, 1, 0.01, 30, 30, 2, 0.5, 1, run3_Map_koh__init.txt, run3_Map_q_3.txt, , run3_Map_q_3.txt, 4854, 5154, 48.50%, 4854, 5154, 48.50%, 0, 0, 0.00%, 0, 0, 0.00%, 0, 0, 0.00%, 0, 0, 0.00%, 0, 0, 0.00%, 
[Map Map Map Map ], 2500, 0, False, 0.0001, 1, 0.01, 30, 30, 2, 0.5, 1, run3_Map_koh__init.txt, run3_Map_q_4.txt, , run3_Map_q_4.txt, 5884, 4123, 58.80%, 5884, 4123, 58.80%, 0, 0, 0.00%, 0, 0, 0.00%, 0, 0, 0.00%, 0, 0, 0.00%, 0, 0, 0.00%, 
[Map Map Map Map ], 2500, 0, False, 0.0001, 1, 0.01, 30, 30, 2, 0.5, 1, run3_Map_koh__init.txt, run3_Map_q_5.txt, , run3_Map_q_5.txt, 3302, 6706, 32.99%, 3302, 6706, 32.99%, 0, 0, 0.00%, 0, 0, 0.00%, 0, 0, 0.00%, 0, 0, 0.00%, 0, 0, 0.00%, 

[Map1 Map1 Map1 Map1 ], 2500, 0, False, 0.0001, 1, 0.01, 30, 30, 2, 0.5, 1, run3_Map1_koh__init.txt, run3_Map1_q_1.txt, , run3_Map1_q_1.txt, 5951, 4055, 59.47%, 0, 0, 0.00%, 5951, 4055, 59.47%, 0, 0, 0.00%, 0, 0, 0.00%, 0, 0, 0.00%, 0, 0, 0.00%, 
[Map1 Map1 Map1 Map1 ], 2500, 0, False, 0.0001, 1, 0.01, 30, 30, 2, 0.5, 1, run3_Map1_koh__init.txt, run3_Map1_q_2.txt, , run3_Map1_q_2.txt, 7573, 2433, 75.68%, 0, 0, 0.00%, 7573, 2433, 75.68%, 0, 0, 0.00%, 0, 0, 0.00%, 0, 0, 0.00%, 0, 0, 0.00%, 
[Map1 Map1 Map1 Map1 ], 2500, 0, False, 0.0001, 1, 0.01, 30, 30, 2, 0.5, 1, run3_Map1_koh__init.txt, run3_Map1_q_3.txt, , run3_Map1_q_3.txt, 9605, 402, 95.98%, 0, 0, 0.00%, 9605, 402, 95.98%, 0, 0, 0.00%, 0, 0, 0.00%, 0, 0, 0.00%, 0, 0, 0.00%, 
[Map1 Map1 Map1 Map1 ], 2500, 0, False, 0.0001, 1, 0.01, 30, 30, 2, 0.5, 1, run3_Map1_koh__init.txt, run3_Map1_q_4.txt, , run3_Map1_q_4.txt, 6404, 3603, 64.00%, 0, 0, 0.00%, 6404, 3603, 64.00%, 0, 0, 0.00%, 0, 0, 0.00%, 0, 0, 0.00%, 0, 0, 0.00%, 
[Map1 Map1 Map1 Map1 ], 2500, 0, False, 0.0001, 1, 0.01, 30, 30, 2, 0.5, 1, run3_Map1_koh__init.txt, run3_Map1_q_5.txt, , run3_Map1_q_5.txt, 8605, 1402, 85.99%, 0, 0, 0.00%, 8605, 1402, 85.99%, 0, 0, 0.00%, 0, 0, 0.00%, 0, 0, 0.00%, 0, 0, 0.00%, 

[Map2 Map2 Map2 Map2 ], 2500, 0, False, 0.0001, 1, 0.01, 30, 30, 2, 0.5, 1, run3_Map2_koh__init.txt, run3_Map2_q_1.txt, , run3_Map2_q_1.txt, 2115, 7891, 21.14%, 0, 0, 0.00%, 0, 0, 0.00%, 2115, 7891, 21.14%, 0, 0, 0.00%, 0, 0, 0.00%, 0, 0, 0.00%, 
[Map2 Map2 Map2 Map2 ], 2500, 0, False, 0.0001, 1, 0.01, 30, 30, 2, 0.5, 1, run3_Map2_koh__init.txt, run3_Map2_q_2.txt, , run3_Map2_q_2.txt, 3929, 6077, 39.27%, 0, 0, 0.00%, 0, 0, 0.00%, 3929, 6077, 39.27%, 0, 0, 0.00%, 0, 0, 0.00%, 0, 0, 0.00%, 
[Map2 Map2 Map2 Map2 ], 2500, 0, False, 0.0001, 1, 0.01, 30, 30, 2, 0.5, 1, run3_Map2_koh__init.txt, run3_Map2_q_3.txt, , run3_Map2_q_3.txt, 3733, 6273, 37.31%, 0, 0, 0.00%, 0, 0, 0.00%, 3733, 6273, 37.31%, 0, 0, 0.00%, 0, 0, 0.00%, 0, 0, 0.00%, 
[Map2 Map2 Map2 Map2 ], 2500, 0, False, 0.0001, 1, 0.01, 30, 30, 2, 0.5, 1, run3_Map2_koh__init.txt, run3_Map2_q_4.txt, , run3_Map2_q_4.txt, 3341, 6663, 33.40%, 0, 0, 0.00%, 0, 0, 0.00%, 3341, 6663, 33.40%, 0, 0, 0.00%, 0, 0, 0.00%, 0, 0, 0.00%, 
[Map2 Map2 Map2 Map2 ], 2500, 0, False, 0.0001, 1, 0.01, 30, 30, 2, 0.5, 1, run3_Map2_koh__init.txt, run3_Map2_q_5.txt, , run3_Map2_q_5.txt, 3706, 6302, 37.03%, 0, 0, 0.00%, 0, 0, 0.00%, 3706, 6302, 37.03%, 0, 0, 0.00%, 0, 0, 0.00%, 0, 0, 0.00%, 

[Map3 Map3 Map3 Map3 ], 2500, 0, False, 0.0001, 1, 0.01, 30, 30, 2, 0.5, 1, run3_Map3_koh__init.txt, run3_Map3_q_1.txt, , run3_Map3_q_1.txt, 7831, 2176, 78.26%, 0, 0, 0.00%, 0, 0, 0.00%, 0, 0, 0.00%, 7831, 2176, 78.26%, 0, 0, 0.00%, 0, 0, 0.00%, 
[Map3 Map3 Map3 Map3 ], 2500, 0, False, 0.0001, 1, 0.01, 30, 30, 2, 0.5, 1, run3_Map3_koh__init.txt, run3_Map3_q_2.txt, , run3_Map3_q_2.txt, 9632, 375, 96.25%, 0, 0, 0.00%, 0, 0, 0.00%, 0, 0, 0.00%, 9632, 375, 96.25%, 0, 0, 0.00%, 0, 0, 0.00%, 
[Map3 Map3 Map3 Map3 ], 2500, 0, False, 0.0001, 1, 0.01, 30, 30, 2, 0.5, 1, run3_Map3_koh__init.txt, run3_Map3_q_3.txt, , run3_Map3_q_3.txt, 9808, 199, 98.01%, 0, 0, 0.00%, 0, 0, 0.00%, 0, 0, 0.00%, 9808, 199, 98.01%, 0, 0, 0.00%, 0, 0, 0.00%, 
[Map3 Map3 Map3 Map3 ], 2500, 0, False, 0.0001, 1, 0.01, 30, 30, 2, 0.5, 1, run3_Map3_koh__init.txt, run3_Map3_q_4.txt, , run3_Map3_q_4.txt, 9819, 187, 98.13%, 0, 0, 0.00%, 0, 0, 0.00%, 0, 0, 0.00%, 9819, 187, 98.13%, 0, 0, 0.00%, 0, 0, 0.00%, 
[Map3 Map3 Map3 Map3 ], 2500, 0, False, 0.0001, 1, 0.01, 30, 30, 2, 0.5, 1, run3_Map3_koh__init.txt, run3_Map3_q_5.txt, , run3_Map3_q_5.txt, 9825, 179, 98.21%, 0, 0, 0.00%, 0, 0, 0.00%, 0, 0, 0.00%, 9825, 179, 98.21%, 0, 0, 0.00%, 0, 0, 0.00%, 

[Map4 Map4 Map4 Map4 ], 2500, 0, False, 0.0001, 1, 0.01, 30, 30, 2, 0.5, 1, run3_Map4_koh__init.txt, run3_Map4_q_1.txt, , run3_Map4_q_1.txt, 7329, 2678, 73.24%, 0, 0, 0.00%, 0, 0, 0.00%, 0, 0, 0.00%, 0, 0, 0.00%, 7329, 2678, 73.24%, 0, 0, 0.00%, 
[Map4 Map4 Map4 Map4 ], 2500, 0, False, 0.0001, 1, 0.01, 30, 30, 2, 0.5, 1, run3_Map4_koh__init.txt, run3_Map4_q_2.txt, , run3_Map4_q_2.txt, 4274, 5734, 42.71%, 0, 0, 0.00%, 0, 0, 0.00%, 0, 0, 0.00%, 0, 0, 0.00%, 4274, 5734, 42.71%, 0, 0, 0.00%, 
[Map4 Map4 Map4 Map4 ], 2500, 0, False, 0.0001, 1, 0.01, 30, 30, 2, 0.5, 1, run3_Map4_koh__init.txt, run3_Map4_q_3.txt, , run3_Map4_q_3.txt, 5844, 4163, 58.40%, 0, 0, 0.00%, 0, 0, 0.00%, 0, 0, 0.00%, 0, 0, 0.00%, 5844, 4163, 58.40%, 0, 0, 0.00%, 
[Map4 Map4 Map4 Map4 ], 2500, 0, False, 0.0001, 1, 0.01, 30, 30, 2, 0.5, 1, run3_Map4_koh__init.txt, run3_Map4_q_4.txt, , run3_Map4_q_4.txt, 6025, 3982, 60.21%, 0, 0, 0.00%, 0, 0, 0.00%, 0, 0, 0.00%, 0, 0, 0.00%, 6025, 3982, 60.21%, 0, 0, 0.00%, 
[Map4 Map4 Map4 Map4 ], 2500, 0, False, 0.0001, 1, 0.01, 30, 30, 2, 0.5, 1, run3_Map4_koh__init.txt, run3_Map4_q_5.txt, , run3_Map4_q_5.txt, 5739, 4268, 57.35%, 0, 0, 0.00%, 0, 0, 0.00%, 0, 0, 0.00%, 0, 0, 0.00%, 5739, 4268, 57.35%, 0, 0, 0.00%, 

[Map5 Map5 Map5 Map5 ], 2500, 0, False, 0.0001, 1, 0.01, 30, 30, 2, 0.5, 1, run3_Map5_koh__init.txt, run3_Map5_q_1.txt, , run3_Map5_q_1.txt, 2506, 7501, 25.04%, 0, 0, 0.00%, 0, 0, 0.00%, 0, 0, 0.00%, 0, 0, 0.00%, 0, 0, 0.00%, 2506, 7501, 25.04%, 
[Map5 Map5 Map5 Map5 ], 2500, 0, False, 0.0001, 1, 0.01, 30, 30, 2, 0.5, 1, run3_Map5_koh__init.txt, run3_Map5_q_2.txt, , run3_Map5_q_2.txt, 2414, 7592, 24.13%, 0, 0, 0.00%, 0, 0, 0.00%, 0, 0, 0.00%, 0, 0, 0.00%, 0, 0, 0.00%, 2414, 7592, 24.13%, 
[Map5 Map5 Map5 Map5 ], 2500, 0, False, 0.0001, 1, 0.01, 30, 30, 2, 0.5, 1, run3_Map5_koh__init.txt, run3_Map5_q_3.txt, , run3_Map5_q_3.txt, 2802, 7205, 28.00%, 0, 0, 0.00%, 0, 0, 0.00%, 0, 0, 0.00%, 0, 0, 0.00%, 0, 0, 0.00%, 2802, 7205, 28.00%, 
[Map5 Map5 Map5 Map5 ], 2500, 0, False, 0.0001, 1, 0.01, 30, 30, 2, 0.5, 1, run3_Map5_koh__init.txt, run3_Map5_q_4.txt, , run3_Map5_q_4.txt, 2643, 7364, 26.41%, 0, 0, 0.00%, 0, 0, 0.00%, 0, 0, 0.00%, 0, 0, 0.00%, 0, 0, 0.00%, 2643, 7364, 26.41%, 
[Map5 Map5 Map5 Map5 ], 2500, 0, False, 0.0001, 1, 0.01, 30, 30, 2, 0.5, 1, run3_Map5_koh__init.txt, run3_Map5_q_5.txt, , run3_Map5_q_5.txt, 3002, 7004, 30.00%, 0, 0, 0.00%, 0, 0, 0.00%, 0, 0, 0.00%, 0, 0, 0.00%, 0, 0, 0.00%, 3002, 7004, 30.00%, 

[Map Map Map Map ], 2500, 0, False, 0.0001, 1, 0.01, 30, 30, 2, 0.5, 1, run4_Map_koh__init.txt, run4_Map_q_1.txt, , run4_Map_q_1.txt, 183, 9824, 1.83%, 183, 9824, 1.83%, 0, 0, 0.00%, 0, 0, 0.00%, 0, 0, 0.00%, 0, 0, 0.00%, 0, 0, 0.00%, 
[Map Map Map Map ], 2500, 0, False, 0.0001, 1, 0.01, 30, 30, 2, 0.5, 1, run4_Map_koh__init.txt, run4_Map_q_2.txt, , run4_Map_q_2.txt, 80, 9928, 0.80%, 80, 9928, 0.80%, 0, 0, 0.00%, 0, 0, 0.00%, 0, 0, 0.00%, 0, 0, 0.00%, 0, 0, 0.00%, 
[Map Map Map Map ], 2500, 0, False, 0.0001, 1, 0.01, 30, 30, 2, 0.5, 1, run4_Map_koh__init.txt, run4_Map_q_3.txt, , run4_Map_q_3.txt, 10, 9997, 0.10%, 10, 9997, 0.10%, 0, 0, 0.00%, 0, 0, 0.00%, 0, 0, 0.00%, 0, 0, 0.00%, 0, 0, 0.00%, 
[Map Map Map Map ], 2500, 0, False, 0.0001, 1, 0.01, 30, 30, 2, 0.5, 1, run4_Map_koh__init.txt, run4_Map_q_4.txt, , run4_Map_q_4.txt, 1, 10006, 0.01%, 1, 10006, 0.01%, 0, 0, 0.00%, 0, 0, 0.00%, 0, 0, 0.00%, 0, 0, 0.00%, 0, 0, 0.00%, 
[Map Map Map Map ], 2500, 0, False, 0.0001, 1, 0.01, 30, 30, 2, 0.5, 1, run4_Map_koh__init.txt, run4_Map_q_5.txt, , run4_Map_q_5.txt, 8041, 1967, 80.35%, 8041, 1967, 80.35%, 0, 0, 0.00%, 0, 0, 0.00%, 0, 0, 0.00%, 0, 0, 0.00%, 0, 0, 0.00%, 

[Map1 Map1 Map1 Map1 ], 2500, 0, False, 0.0001, 1, 0.01, 30, 30, 2, 0.5, 1, run4_Map1_koh__init.txt, run4_Map1_q_1.txt, , run4_Map1_q_1.txt, 7472, 2534, 74.68%, 0, 0, 0.00%, 7472, 2534, 74.68%, 0, 0, 0.00%, 0, 0, 0.00%, 0, 0, 0.00%, 0, 0, 0.00%, 
[Map1 Map1 Map1 Map1 ], 2500, 0, False, 0.0001, 1, 0.01, 30, 30, 2, 0.5, 1, run4_Map1_koh__init.txt, run4_Map1_q_2.txt, , run4_Map1_q_2.txt, 6450, 3557, 64.45%, 0, 0, 0.00%, 6450, 3557, 64.45%, 0, 0, 0.00%, 0, 0, 0.00%, 0, 0, 0.00%, 0, 0, 0.00%, 
[Map1 Map1 Map1 Map1 ], 2500, 0, False, 0.0001, 1, 0.01, 30, 30, 2, 0.5, 1, run4_Map1_koh__init.txt, run4_Map1_q_3.txt, , run4_Map1_q_3.txt, 4122, 5884, 41.20%, 0, 0, 0.00%, 4122, 5884, 41.20%, 0, 0, 0.00%, 0, 0, 0.00%, 0, 0, 0.00%, 0, 0, 0.00%, 
[Map1 Map1 Map1 Map1 ], 2500, 0, False, 0.0001, 1, 0.01, 30, 30, 2, 0.5, 1, run4_Map1_koh__init.txt, run4_Map1_q_4.txt, , run4_Map1_q_4.txt, 6514, 3492, 65.10%, 0, 0, 0.00%, 6514, 3492, 65.10%, 0, 0, 0.00%, 0, 0, 0.00%, 0, 0, 0.00%, 0, 0, 0.00%, 
[Map1 Map1 Map1 Map1 ], 2500, 0, False, 0.0001, 1, 0.01, 30, 30, 2, 0.5, 1, run4_Map1_koh__init.txt, run4_Map1_q_5.txt, , run4_Map1_q_5.txt, 7427, 2581, 74.21%, 0, 0, 0.00%, 7427, 2581, 74.21%, 0, 0, 0.00%, 0, 0, 0.00%, 0, 0, 0.00%, 0, 0, 0.00%, 