[Map Map Map Map ], 5000, 5000, False, 0.3, 1, 0.5, 30, 30, 2, 0.5, 1, , , run1_Map_koh_withoutKohonen.txt, run1_Map_q_withoutKohonen.txt, 266, 19741, 1.33%, 266, 19741, 1.33%, 0, 0, 0.00%, 0, 0, 0.00%, 0, 0, 0.00%, 0, 0, 0.00%, 0, 0, 0.00%, 
[Map Map Map Map ], 5000, 5000, False, 0.3, 1, 0.5, 30, 30, 2, 0.25, 1, run1_Map_koh_withoutKohonen.txt, run1_Map_q_withoutKohonen.txt, run1_Map_koh_withoutKohonen.txt, run1_Map_q_withoutKohonen.txt, 279, 19728, 1.39%, 279, 19728, 1.39%, 0, 0, 0.00%, 0, 0, 0.00%, 0, 0, 0.00%, 0, 0, 0.00%, 0, 0, 0.00%, 
[Map Map Map Map ], 5000, 0, False, 0.2, 1, 0.3, 30, 30, 2, 0.25, 1, run1_Map_koh_withoutKohonen.txt, run1_Map_q_withoutKohonen.txt, run1_Map_koh_withoutKohonen.txt, run1_Map_q_withoutKohonen.txt, 2559, 17449, 12.79%, 2559, 17449, 12.79%, 0, 0, 0.00%, 0, 0, 0.00%, 0, 0, 0.00%, 0, 0, 0.00%, 0, 0, 0.00%, 
[Map Map Map Map ], 5000, 0, False, 0.1, 1, 0.25, 30, 30, 2, 0.25, 1, run1_Map_koh_withoutKohonen.txt, run1_Map_q_withoutKohonen.txt, run1_Map_koh_withoutKohonen.txt, run1_Map_q_withoutKohonen.txt, 2287, 17721, 11.43%, 2287, 17721, 11.43%, 0, 0, 0.00%, 0, 0, 0.00%, 0, 0, 0.00%, 0, 0, 0.00%, 0, 0, 0.00%, 
[Map Map Map Map ], 2500, 0, False, 0.0001, 1, 0.01, 30, 30, 2, 0.25, 1, run1_Map_koh_withoutKohonen.txt, run1_Map_q_withoutKohonen.txt, run1_Map_koh_withoutKohonen.txt, run1_Map_q_withoutKohonen.txt, 5105, 4903, 51.01%, 5105, 4903, 51.01%, 0, 0, 0.00%, 0, 0, 0.00%, 0, 0, 0.00%, 0, 0, 0.00%, 0, 0, 0.00%, 

[Map1 Map1 Map1 Map1 ], 5000, 5000, False, 0.3, 1, 0.5, 30, 30, 2, 0.5, 1, , , run1_Map1_koh_withoutKohonen.txt, run1_Map1_q_withoutKohonen.txt, 1846, 18162, 9.23%, 0, 0, 0.00%, 1846, 18162, 9.23%, 0, 0, 0.00%, 0, 0, 0.00%, 0, 0, 0.00%, 0, 0, 0.00%, 
[Map1 Map1 Map1 Map1 ], 5000, 5000, False, 0.3, 1, 0.5, 30, 30, 2, 0.25, 1, run1_Map1_koh_withoutKohonen.txt, run1_Map1_q_withoutKohonen.txt, run1_Map1_koh_withoutKohonen.txt, run1_Map1_q_withoutKohonen.txt, 1535, 18470, 7.67%, 0, 0, 0.00%, 1535, 18470, 7.67%, 0, 0, 0.00%, 0, 0, 0.00%, 0, 0, 0.00%, 0, 0, 0.00%, 
[Map1 Map1 Map1 Map1 ], 5000, 0, False, 0.2, 1, 0.3, 30, 30, 2, 0.25, 1, run1_Map1_koh_withoutKohonen.txt, run1_Map1_q_withoutKohonen.txt, run1_Map1_koh_withoutKohonen.txt, run1_Map1_q_withoutKohonen.txt, 8504, 11500, 42.51%, 0, 0, 0.00%, 8504, 11500, 42.51%, 0, 0, 0.00%, 0, 0, 0.00%, 0, 0, 0.00%, 0, 0, 0.00%, 
[Map1 Map1 Map1 Map1 ], 5000, 0, False, 0.1, 1, 0.25, 30, 30, 2, 0.25, 1, run1_Map1_koh_withoutKohonen.txt, run1_Map1_q_withoutKohonen.txt, run1_Map1_koh_withoutKohonen.txt, run1_Map1_q_withoutKohonen.txt, 13752, 6254, 68.74%, 0, 0, 0.00%, 13752, 6254, 68.74%, 0, 0, 0.00%, 0, 0, 0.00%, 0, 0, 0.00%, 0, 0, 0.00%, 
[Map1 Map1 Map1 Map1 ], 2500, 0, False, 0.0001, 1, 0.01, 30, 30, 2, 0.25, 1, run1_Map1_koh_withoutKohonen.txt, run1_Map1_q_withoutKohonen.txt, run1_Map1_koh_withoutKohonen.txt, run1_Map1_q_withoutKohonen.txt, 9340, 666, 93.34%, 0, 0, 0.00%, 9340, 666, 93.34%, 0, 0, 0.00%, 0, 0, 0.00%, 0, 0, 0.00%, 0, 0, 0.00%, 

[Map2 Map2 Map2 Map2 ], 5000, 5000, False, 0.3, 1, 0.5, 30, 30, 2, 0.5, 1, , , run1_Map2_koh_withoutKohonen.txt, run1_Map2_q_withoutKohonen.txt, 2114, 17892, 10.57%, 0, 0, 0.00%, 0, 0, 0.00%, 2114, 17892, 10.57%, 0, 0, 0.00%, 0, 0, 0.00%, 0, 0, 0.00%, 
[Map2 Map2 Map2 Map2 ], 5000, 5000, False, 0.3, 1, 0.5, 30, 30, 2, 0.25, 1, run1_Map2_koh_withoutKohonen.txt, run1_Map2_q_withoutKohonen.txt, run1_Map2_koh_withoutKohonen.txt, run1_Map2_q_withoutKohonen.txt, 2203, 17804, 11.01%, 0, 0, 0.00%, 0, 0, 0.00%, 2203, 17804, 11.01%, 0, 0, 0.00%, 0, 0, 0.00%, 0, 0, 0.00%, 
[Map2 Map2 Map2 Map2 ], 5000, 0, False, 0.2, 1, 0.3, 30, 30, 2, 0.25, 1, run1_Map2_koh_withoutKohonen.txt, run1_Map2_q_withoutKohonen.txt, run1_Map2_koh_withoutKohonen.txt, run1_Map2_q_withoutKohonen.txt, 590, 19417, 2.95%, 0, 0, 0.00%, 0, 0, 0.00%, 590, 19417, 2.95%, 0, 0, 0.00%, 0, 0, 0.00%, 0, 0, 0.00%, 
[Map2 Map2 Map2 Map2 ], 5000, 0, False, 0.1, 1, 0.25, 30, 30, 2, 0.25, 1, run1_Map2_koh_withoutKohonen.txt, run1_Map2_q_withoutKohonen.txt, run1_Map2_koh_withoutKohonen.txt, run1_Map2_q_withoutKohonen.txt, 1111, 18895, 5.55%, 0, 0, 0.00%, 0, 0, 0.00%, 1111, 18895, 5.55%, 0, 0, 0.00%, 0, 0, 0.00%, 0, 0, 0.00%, 
[Map2 Map2 Map2 Map2 ], 2500, 0, False, 0.0001, 1, 0.01, 30, 30, 2, 0.25, 1, run1_Map2_koh_withoutKohonen.txt, run1_Map2_q_withoutKohonen.txt, run1_Map2_koh_withoutKohonen.txt, run1_Map2_q_withoutKohonen.txt, 3231, 6776, 32.29%, 0, 0, 0.00%, 0, 0, 0.00%, 3231, 6776, 32.29%, 0, 0, 0.00%, 0, 0, 0.00%, 0, 0, 0.00%, 

[Map3 Map3 Map3 Map3 ], 5000, 5000, False, 0.3, 1, 0.5, 30, 30, 2, 0.5, 1, , , run1_Map3_koh_withoutKohonen.txt, run1_Map3_q_withoutKohonen.txt, 1500, 18506, 7.50%, 0, 0, 0.00%, 0, 0, 0.00%, 0, 0, 0.00%, 1500, 18506, 7.50%, 0, 0, 0.00%, 0, 0, 0.00%, 
[Map3 Map3 Map3 Map3 ], 5000, 5000, False, 0.3, 1, 0.5, 30, 30, 2, 0.25, 1, run1_Map3_koh_withoutKohonen.txt, run1_Map3_q_withoutKohonen.txt, run1_Map3_koh_withoutKohonen.txt, run1_Map3_q_withoutKohonen.txt, 4606, 15400, 23.02%, 0, 0, 0.00%, 0, 0, 0.00%, 0, 0, 0.00%, 4606, 15400, 23.02%, 0, 0, 0.00%, 0, 0, 0.00%, 
[Map3 Map3 Map3 Map3 ], 5000, 0, False, 0.2, 1, 0.3, 30, 30, 2, 0.25, 1, run1_Map3_koh_withoutKohonen.txt, run1_Map3_q_withoutKohonen.txt, run1_Map3_koh_withoutKohonen.txt, run1_Map3_q_withoutKohonen.txt, 8233, 11773, 41.15%, 0, 0, 0.00%, 0, 0, 0.00%, 0, 0, 0.00%, 8233, 11773, 41.15%, 0, 0, 0.00%, 0, 0, 0.00%, 
[Map3 Map3 Map3 Map3 ], 5000, 0, False, 0.1, 1, 0.25, 30, 30, 2, 0.25, 1, run1_Map3_koh_withoutKohonen.txt, run1_Map3_q_withoutKohonen.txt, run1_Map3_koh_withoutKohonen.txt, run1_Map3_q_withoutKohonen.txt, 11936, 8069, 59.67%, 0, 0, 0.00%, 0, 0, 0.00%, 0, 0, 0.00%, 11936, 8069, 59.67%, 0, 0, 0.00%, 0, 0, 0.00%, 
[Map3 Map3 Map3 Map3 ], 2500, 0, False, 0.0001, 1, 0.01, 30, 30, 2, 0.25, 1, run1_Map3_koh_withoutKohonen.txt, run1_Map3_q_withoutKohonen.txt, run1_Map3_koh_withoutKohonen.txt, run1_Map3_q_withoutKohonen.txt, 9201, 803, 91.97%, 0, 0, 0.00%, 0, 0, 0.00%, 0, 0, 0.00%, 9201, 803, 91.97%, 0, 0, 0.00%, 0, 0, 0.00%, 

[Map4 Map4 Map4 Map4 ], 5000, 5000, False, 0.3, 1, 0.5, 30, 30, 2, 0.5, 1, , , run1_Map4_koh_withoutKohonen.txt, run1_Map4_q_withoutKohonen.txt, 2071, 17937, 10.35%, 0, 0, 0.00%, 0, 0, 0.00%, 0, 0, 0.00%, 0, 0, 0.00%, 2071, 17937, 10.35%, 0, 0, 0.00%, 
[Map4 Map4 Map4 Map4 ], 5000, 5000, False, 0.3, 1, 0.5, 30, 30, 2, 0.25, 1, run1_Map4_koh_withoutKohonen.txt, run1_Map4_q_withoutKohonen.txt, run1_Map4_koh_withoutKohonen.txt, run1_Map4_q_withoutKohonen.txt, 3227, 16781, 16.13%, 0, 0, 0.00%, 0, 0, 0.00%, 0, 0, 0.00%, 0, 0, 0.00%, 3227, 16781, 16.13%, 0, 0, 0.00%, 
[Map4 Map4 Map4 Map4 ], 5000, 0, False, 0.2, 1, 0.3, 30, 30, 2, 0.25, 1, run1_Map4_koh_withoutKohonen.txt, run1_Map4_q_withoutKohonen.txt, run1_Map4_koh_withoutKohonen.txt, run1_Map4_q_withoutKohonen.txt, 7367, 12640, 36.82%, 0, 0, 0.00%, 0, 0, 0.00%, 0, 0, 0.00%, 0, 0, 0.00%, 7367, 12640, 36.82%, 0, 0, 0.00%, 


[Map4 Map4 Map4 Map4 ], 5000, 5000, False, 0.3, 1, 0.5, 30, 30, 2, 0.5, 1, , , run1_Map4_koh_withoutKohonen.txt, run1_Map4_q_withoutKohonen.txt, 2095, 17913, 10.47%, 0, 0, 0.00%, 0, 0, 0.00%, 0, 0, 0.00%, 0, 0, 0.00%, 2095, 17913, 10.47%, 0, 0, 0.00%, 
[Map4 Map4 Map4 Map4 ], 5000, 5000, False, 0.3, 1, 0.5, 30, 30, 2, 0.25, 1, run1_Map4_koh_withoutKohonen.txt, run1_Map4_q_withoutKohonen.txt, run1_Map4_koh_withoutKohonen.txt, run1_Map4_q_withoutKohonen.txt, 2439, 17568, 12.19%, 0, 0, 0.00%, 0, 0, 0.00%, 0, 0, 0.00%, 0, 0, 0.00%, 2439, 17568, 12.19%, 0, 0, 0.00%, 
[Map4 Map4 Map4 Map4 ], 5000, 0, False, 0.2, 1, 0.3, 30, 30, 2, 0.25, 1, run1_Map4_koh_withoutKohonen.txt, run1_Map4_q_withoutKohonen.txt, run1_Map4_koh_withoutKohonen.txt, run1_Map4_q_withoutKohonen.txt, 4119, 15889, 20.59%, 0, 0, 0.00%, 0, 0, 0.00%, 0, 0, 0.00%, 0, 0, 0.00%, 4119, 15889, 20.59%, 0, 0, 0.00%, 
[Map4 Map4 Map4 Map4 ], 5000, 0, False, 0.1, 1, 0.25, 30, 30, 2, 0.25, 1, run1_Map4_koh_withoutKohonen.txt, run1_Map4_q_withoutKohonen.txt, run1_Map4_koh_withoutKohonen.txt, run1_Map4_q_withoutKohonen.txt, 4430, 15578, 22.14%, 0, 0, 0.00%, 0, 0, 0.00%, 0, 0, 0.00%, 0, 0, 0.00%, 4430, 15578, 22.14%, 0, 0, 0.00%, 
[Map4 Map4 Map4 Map4 ], 2500, 0, False, 0.0001, 1, 0.01, 30, 30, 2, 0.25, 1, run1_Map4_koh_withoutKohonen.txt, run1_Map4_q_withoutKohonen.txt, run1_Map4_koh_withoutKohonen.txt, run1_Map4_q_withoutKohonen.txt, 2834, 7173, 28.32%, 0, 0, 0.00%, 0, 0, 0.00%, 0, 0, 0.00%, 0, 0, 0.00%, 2834, 7173, 28.32%, 0, 0, 0.00%, 

[Map5 Map5 Map5 Map5 ], 5000, 5000, False, 0.3, 1, 0.5, 30, 30, 2, 0.5, 1, , , run1_Map5_koh_withoutKohonen.txt, run1_Map5_q_withoutKohonen.txt, 703, 19304, 3.51%, 0, 0, 0.00%, 0, 0, 0.00%, 0, 0, 0.00%, 0, 0, 0.00%, 0, 0, 0.00%, 703, 19304, 3.51%, 
[Map5 Map5 Map5 Map5 ], 5000, 5000, False, 0.3, 1, 0.5, 30, 30, 2, 0.25, 1, run1_Map5_koh_withoutKohonen.txt, run1_Map5_q_withoutKohonen.txt, run1_Map5_koh_withoutKohonen.txt, run1_Map5_q_withoutKohonen.txt, 2112, 17895, 10.56%, 0, 0, 0.00%, 0, 0, 0.00%, 0, 0, 0.00%, 0, 0, 0.00%, 0, 0, 0.00%, 2112, 17895, 10.56%, 
[Map5 Map5 Map5 Map5 ], 5000, 0, False, 0.2, 1, 0.3, 30, 30, 2, 0.25, 1, run1_Map5_koh_withoutKohonen.txt, run1_Map5_q_withoutKohonen.txt, run1_Map5_koh_withoutKohonen.txt, run1_Map5_q_withoutKohonen.txt, 4765, 15242, 23.82%, 0, 0, 0.00%, 0, 0, 0.00%, 0, 0, 0.00%, 0, 0, 0.00%, 0, 0, 0.00%, 4765, 15242, 23.82%, 
[Map5 Map5 Map5 Map5 ], 5000, 0, False, 0.1, 1, 0.25, 30, 30, 2, 0.25, 1, run1_Map5_koh_withoutKohonen.txt, run1_Map5_q_withoutKohonen.txt, run1_Map5_koh_withoutKohonen.txt, run1_Map5_q_withoutKohonen.txt, 6162, 13842, 30.80%, 0, 0, 0.00%, 0, 0, 0.00%, 0, 0, 0.00%, 0, 0, 0.00%, 0, 0, 0.00%, 6162, 13842, 30.80%, 
[Map5 Map5 Map5 Map5 ], 2500, 0, False, 0.0001, 1, 0.01, 30, 30, 2, 0.25, 1, run1_Map5_koh_withoutKohonen.txt, run1_Map5_q_withoutKohonen.txt, run1_Map5_koh_withoutKohonen.txt, run1_Map5_q_withoutKohonen.txt, 6314, 3691, 63.11%, 0, 0, 0.00%, 0, 0, 0.00%, 0, 0, 0.00%, 0, 0, 0.00%, 0, 0, 0.00%, 6314, 3691, 63.11%, 

[Map Map Map Map ], 5000, 5000, False, 0.3, 1, 0.5, 30, 30, 2, 0.5, 1, , , run1_Map_koh_withKohonen.txt, run1_Map_q_withKohonen.txt, 299, 19709, 1.49%, 299, 19709, 1.49%, 0, 0, 0.00%, 0, 0, 0.00%, 0, 0, 0.00%, 0, 0, 0.00%, 0, 0, 0.00%, 
[Map Map Map Map ], 5000, 5000, False, 0.3, 1, 0.5, 30, 30, 2, 0.25, 1, run1_Map_koh_withKohonen.txt, run1_Map_q_withKohonen.txt, run1_Map_koh_withKohonen.txt, run1_Map_q_withKohonen.txt, 318, 19689, 1.59%, 318, 19689, 1.59%, 0, 0, 0.00%, 0, 0, 0.00%, 0, 0, 0.00%, 0, 0, 0.00%, 0, 0, 0.00%, 


[Map Map Map Map ], 5000, 5000, False, 0.3, 1, 0.5, 30, 30, 2, 0.5, 1, , , run1_Map_koh_withKohonen.txt, run1_Map_q_withKohonen.txt, 231, 19777, 1.15%, 231, 19777, 1.15%, 0, 0, 0.00%, 0, 0, 0.00%, 0, 0, 0.00%, 0, 0, 0.00%, 0, 0, 0.00%, 
[Map Map Map Map ], 5000, 5000, False, 0.3, 1, 0.5, 30, 30, 2, 0.25, 1, run1_Map_koh_withKohonen.txt, run1_Map_q_withKohonen.txt, run1_Map_koh_withKohonen.txt, run1_Map_q_withKohonen.txt, 225, 19782, 1.12%, 225, 19782, 1.12%, 0, 0, 0.00%, 0, 0, 0.00%, 0, 0, 0.00%, 0, 0, 0.00%, 0, 0, 0.00%, 
[Map Map Map Map ], 5000, 5000, False, 0.2, 1, 0.3, 30, 30, 2, 0.25, 1, run1_Map_koh_withKohonen.txt, run1_Map_q_withKohonen.txt, run1_Map_koh_withKohonen.txt, run1_Map_q_withKohonen.txt, 353, 19655, 1.76%, 353, 19655, 1.76%, 0, 0, 0.00%, 0, 0, 0.00%, 0, 0, 0.00%, 0, 0, 0.00%, 0, 0, 0.00%, 
[Map Map Map Map ], 5000, 5000, False, 0.1, 1, 0.25, 30, 30, 2, 0.25, 1, run1_Map_koh_withKohonen.txt, run1_Map_q_withKohonen.txt, run1_Map_koh_withKohonen.txt, run1_Map_q_withKohonen.txt, 459, 19548, 2.29%, 459, 19548, 2.29%, 0, 0, 0.00%, 0, 0, 0.00%, 0, 0, 0.00%, 0, 0, 0.00%, 0, 0, 0.00%, 
[Map Map Map Map ], 2500, 0, False, 0.0001, 1, 0.01, 30, 30, 2, 0.25, 1, run1_Map_koh_withKohonen.txt, run1_Map_q_withKohonen.txt, run1_Map_koh_withKohonen.txt, run1_Map_q_withKohonen.txt, 105, 9902, 1.05%, 105, 9902, 1.05%, 0, 0, 0.00%, 0, 0, 0.00%, 0, 0, 0.00%, 0, 0, 0.00%, 0, 0, 0.00%, 

[Map1 Map1 Map1 Map1 ], 5000, 5000, False, 0.3, 1, 0.5, 30, 30, 2, 0.5, 1, , , run1_Map1_koh_withKohonen.txt, run1_Map1_q_withKohonen.txt, 3274, 16733, 16.36%, 0, 0, 0.00%, 3274, 16733, 16.36%, 0, 0, 0.00%, 0, 0, 0.00%, 0, 0, 0.00%, 0, 0, 0.00%, 
[Map1 Map1 Map1 Map1 ], 5000, 5000, False, 0.3, 1, 0.5, 30, 30, 2, 0.25, 1, run1_Map1_koh_withKohonen.txt, run1_Map1_q_withKohonen.txt, run1_Map1_koh_withKohonen.txt, run1_Map1_q_withKohonen.txt, 5420, 14587, 27.09%, 0, 0, 0.00%, 5420, 14587, 27.09%, 0, 0, 0.00%, 0, 0, 0.00%, 0, 0, 0.00%, 0, 0, 0.00%, 
[Map1 Map1 Map1 Map1 ], 5000, 5000, False, 0.2, 1, 0.3, 30, 30, 2, 0.25, 1, run1_Map1_koh_withKohonen.txt, run1_Map1_q_withKohonen.txt, run1_Map1_koh_withKohonen.txt, run1_Map1_q_withKohonen.txt, 6694, 13314, 33.46%, 0, 0, 0.00%, 6694, 13314, 33.46%, 0, 0, 0.00%, 0, 0, 0.00%, 0, 0, 0.00%, 0, 0, 0.00%, 
[Map1 Map1 Map1 Map1 ], 5000, 5000, False, 0.1, 1, 0.25, 30, 30, 2, 0.25, 1, run1_Map1_koh_withKohonen.txt, run1_Map1_q_withKohonen.txt, run1_Map1_koh_withKohonen.txt, run1_Map1_q_withKohonen.txt, 8496, 11511, 42.47%, 0, 0, 0.00%, 8496, 11511, 42.47%, 0, 0, 0.00%, 0, 0, 0.00%, 0, 0, 0.00%, 0, 0, 0.00%, 
[Map1 Map1 Map1 Map1 ], 2500, 0, False, 0.0001, 1, 0.01, 30, 30, 2, 0.25, 1, run1_Map1_koh_withKohonen.txt, run1_Map1_q_withKohonen.txt, run1_Map1_koh_withKohonen.txt, run1_Map1_q_withKohonen.txt, 2644, 7361, 26.43%, 0, 0, 0.00%, 2644, 7361, 26.43%, 0, 0, 0.00%, 0, 0, 0.00%, 0, 0, 0.00%, 0, 0, 0.00%, 

[Map2 Map2 Map2 Map2 ], 5000, 5000, False, 0.3, 1, 0.5, 30, 30, 2, 0.5, 1, , , run1_Map2_koh_withKohonen.txt, run1_Map2_q_withKohonen.txt, 1372, 18635, 6.86%, 0, 0, 0.00%, 0, 0, 0.00%, 1372, 18635, 6.86%, 0, 0, 0.00%, 0, 0, 0.00%, 0, 0, 0.00%, 
[Map2 Map2 Map2 Map2 ], 5000, 5000, False, 0.3, 1, 0.5, 30, 30, 2, 0.25, 1, run1_Map2_koh_withKohonen.txt, run1_Map2_q_withKohonen.txt, run1_Map2_koh_withKohonen.txt, run1_Map2_q_withKohonen.txt, 1505, 18503, 7.52%, 0, 0, 0.00%, 0, 0, 0.00%, 1505, 18503, 7.52%, 0, 0, 0.00%, 0, 0, 0.00%, 0, 0, 0.00%, 
[Map2 Map2 Map2 Map2 ], 5000, 5000, False, 0.2, 1, 0.3, 30, 30, 2, 0.25, 1, run1_Map2_koh_withKohonen.txt, run1_Map2_q_withKohonen.txt, run1_Map2_koh_withKohonen.txt, run1_Map2_q_withKohonen.txt, 3795, 16210, 18.97%, 0, 0, 0.00%, 0, 0, 0.00%, 3795, 16210, 18.97%, 0, 0, 0.00%, 0, 0, 0.00%, 0, 0, 0.00%, 
[Map2 Map2 Map2 Map2 ], 5000, 5000, False, 0.1, 1, 0.25, 30, 30, 2, 0.25, 1, run1_Map2_koh_withKohonen.txt, run1_Map2_q_withKohonen.txt, run1_Map2_koh_withKohonen.txt, run1_Map2_q_withKohonen.txt, 3989, 16018, 19.94%, 0, 0, 0.00%, 0, 0, 0.00%, 3989, 16018, 19.94%, 0, 0, 0.00%, 0, 0, 0.00%, 0, 0, 0.00%, 
[Map2 Map2 Map2 Map2 ], 2500, 0, False, 0.0001, 1, 0.01, 30, 30, 2, 0.25, 1, run1_Map2_koh_withKohonen.txt, run1_Map2_q_withKohonen.txt, run1_Map2_koh_withKohonen.txt, run1_Map2_q_withKohonen.txt, 3224, 6784, 32.21%, 0, 0, 0.00%, 0, 0, 0.00%, 3224, 6784, 32.21%, 0, 0, 0.00%, 0, 0, 0.00%, 0, 0, 0.00%, 

[Map3 Map3 Map3 Map3 ], 5000, 5000, False, 0.3, 1, 0.5, 30, 30, 2, 0.5, 1, , , run1_Map3_koh_withKohonen.txt, run1_Map3_q_withKohonen.txt, 1452, 18555, 7.26%, 0, 0, 0.00%, 0, 0, 0.00%, 0, 0, 0.00%, 1452, 18555, 7.26%, 0, 0, 0.00%, 0, 0, 0.00%, 
[Map3 Map3 Map3 Map3 ], 5000, 5000, False, 0.3, 1, 0.5, 30, 30, 2, 0.25, 1, run1_Map3_koh_withKohonen.txt, run1_Map3_q_withKohonen.txt, run1_Map3_koh_withKohonen.txt, run1_Map3_q_withKohonen.txt, 5434, 14571, 27.16%, 0, 0, 0.00%, 0, 0, 0.00%, 0, 0, 0.00%, 5434, 14571, 27.16%, 0, 0, 0.00%, 0, 0, 0.00%, 
[Map3 Map3 Map3 Map3 ], 5000, 5000, False, 0.2, 1, 0.3, 30, 30, 2, 0.25, 1, run1_Map3_koh_withKohonen.txt, run1_Map3_q_withKohonen.txt, run1_Map3_koh_withKohonen.txt, run1_Map3_q_withKohonen.txt, 5942, 14065, 29.70%, 0, 0, 0.00%, 0, 0, 0.00%, 0, 0, 0.00%, 5942, 14065, 29.70%, 0, 0, 0.00%, 0, 0, 0.00%, 
[Map3 Map3 Map3 Map3 ], 5000, 5000, False, 0.1, 1, 0.25, 30, 30, 2, 0.25, 1, run1_Map3_koh_withKohonen.txt, run1_Map3_q_withKohonen.txt, run1_Map3_koh_withKohonen.txt, run1_Map3_q_withKohonen.txt, 9013, 10995, 45.05%, 0, 0, 0.00%, 0, 0, 0.00%, 0, 0, 0.00%, 9013, 10995, 45.05%, 0, 0, 0.00%, 0, 0, 0.00%, 
[Map3 Map3 Map3 Map3 ], 2500, 0, False, 0.0001, 1, 0.01, 30, 30, 2, 0.25, 1, run1_Map3_koh_withKohonen.txt, run1_Map3_q_withKohonen.txt, run1_Map3_koh_withKohonen.txt, run1_Map3_q_withKohonen.txt, 8253, 1753, 82.48%, 0, 0, 0.00%, 0, 0, 0.00%, 0, 0, 0.00%, 8253, 1753, 82.48%, 0, 0, 0.00%, 0, 0, 0.00%, 

[Map4 Map4 Map4 Map4 ], 5000, 5000, False, 0.3, 1, 0.5, 30, 30, 2, 0.5, 1, , , run1_Map4_koh_withKohonen.txt, run1_Map4_q_withKohonen.txt, 2237, 17771, 11.18%, 0, 0, 0.00%, 0, 0, 0.00%, 0, 0, 0.00%, 0, 0, 0.00%, 2237, 17771, 11.18%, 0, 0, 0.00%, 
[Map4 Map4 Map4 Map4 ], 5000, 5000, False, 0.3, 1, 0.5, 30, 30, 2, 0.25, 1, run1_Map4_koh_withKohonen.txt, run1_Map4_q_withKohonen.txt, run1_Map4_koh_withKohonen.txt, run1_Map4_q_withKohonen.txt, 2616, 17392, 13.07%, 0, 0, 0.00%, 0, 0, 0.00%, 0, 0, 0.00%, 0, 0, 0.00%, 2616, 17392, 13.07%, 0, 0, 0.00%, 
[Map4 Map4 Map4 Map4 ], 5000, 5000, False, 0.2, 1, 0.3, 30, 30, 2, 0.25, 1, run1_Map4_koh_withKohonen.txt, run1_Map4_q_withKohonen.txt, run1_Map4_koh_withKohonen.txt, run1_Map4_q_withKohonen.txt, 5772, 14234, 28.85%, 0, 0, 0.00%, 0, 0, 0.00%, 0, 0, 0.00%, 0, 0, 0.00%, 5772, 14234, 28.85%, 0, 0, 0.00%, 
[Map4 Map4 Map4 Map4 ], 5000, 5000, False, 0.1, 1, 0.25, 30, 30, 2, 0.25, 1, run1_Map4_koh_withKohonen.txt, run1_Map4_q_withKohonen.txt, run1_Map4_koh_withKohonen.txt, run1_Map4_q_withKohonen.txt, 8413, 11595, 42.05%, 0, 0, 0.00%, 0, 0, 0.00%, 0, 0, 0.00%, 0, 0, 0.00%, 8413, 11595, 42.05%, 0, 0, 0.00%, 
[Map4 Map4 Map4 Map4 ], 2500, 0, False, 0.0001, 1, 0.01, 30, 30, 2, 0.25, 1, run1_Map4_koh_withKohonen.txt, run1_Map4_q_withKohonen.txt, run1_Map4_koh_withKohonen.txt, run1_Map4_q_withKohonen.txt, 1058, 8949, 10.57%, 0, 0, 0.00%, 0, 0, 0.00%, 0, 0, 0.00%, 0, 0, 0.00%, 1058, 8949, 10.57%, 0, 0, 0.00%, 

[Map5 Map5 Map5 Map5 ], 5000, 5000, False, 0.3, 1, 0.5, 30, 30, 2, 0.5, 1, , , run1_Map5_koh_withKohonen.txt, run1_Map5_q_withKohonen.txt, 389, 19618, 1.94%, 0, 0, 0.00%, 0, 0, 0.00%, 0, 0, 0.00%, 0, 0, 0.00%, 0, 0, 0.00%, 389, 19618, 1.94%, 
[Map5 Map5 Map5 Map5 ], 5000, 5000, False, 0.3, 1, 0.5, 30, 30, 2, 0.25, 1, run1_Map5_koh_withKohonen.txt, run1_Map5_q_withKohonen.txt, run1_Map5_koh_withKohonen.txt, run1_Map5_q_withKohonen.txt, 461, 19546, 2.30%, 0, 0, 0.00%, 0, 0, 0.00%, 0, 0, 0.00%, 0, 0, 0.00%, 0, 0, 0.00%, 461, 19546, 2.30%, 
[Map5 Map5 Map5 Map5 ], 5000, 5000, False, 0.2, 1, 0.3, 30, 30, 2, 0.25, 1, run1_Map5_koh_withKohonen.txt, run1_Map5_q_withKohonen.txt, run1_Map5_koh_withKohonen.txt, run1_Map5_q_withKohonen.txt, 629, 19379, 3.14%, 0, 0, 0.00%, 0, 0, 0.00%, 0, 0, 0.00%, 0, 0, 0.00%, 0, 0, 0.00%, 629, 19379, 3.14%, 
[Map5 Map5 Map5 Map5 ], 5000, 5000, False, 0.1, 1, 0.25, 30, 30, 2, 0.25, 1, run1_Map5_koh_withKohonen.txt, run1_Map5_q_withKohonen.txt, run1_Map5_koh_withKohonen.txt, run1_Map5_q_withKohonen.txt, 655, 19353, 3.27%, 0, 0, 0.00%, 0, 0, 0.00%, 0, 0, 0.00%, 0, 0, 0.00%, 0, 0, 0.00%, 655, 19353, 3.27%, 
[Map5 Map5 Map5 Map5 ], 2500, 0, False, 0.0001, 1, 0.01, 30, 30, 2, 0.25, 1, run1_Map5_koh_withKohonen.txt, run1_Map5_q_withKohonen.txt, run1_Map5_koh_withKohonen.txt, run1_Map5_q_withKohonen.txt, 2327, 7680, 23.25%, 0, 0, 0.00%, 0, 0, 0.00%, 0, 0, 0.00%, 0, 0, 0.00%, 0, 0, 0.00%, 2327, 7680, 23.25%, 

[Map Map Map Map ], 3500, 3500, False, 0.3, 1, 0.5, 30, 30, 2, 0.5, 1, , , run2_Map_koh_withoutKohonen.txt, run2_Map_q_withoutKohonen.txt, 165, 13843, 1.18%, 165, 13843, 1.18%, 0, 0, 0.00%, 0, 0, 0.00%, 0, 0, 0.00%, 0, 0, 0.00%, 0, 0, 0.00%, 
[Map Map Map Map ], 3500, 3500, False, 0.3, 1, 0.5, 30, 30, 2, 0.5, 1, , , run2_Map_koh_withoutKohonen.txt, run2_Map_q_withoutKohonen.txt, 181, 13827, 1.29%, 181, 13827, 1.29%, 0, 0, 0.00%, 0, 0, 0.00%, 0, 0, 0.00%, 0, 0, 0.00%, 0, 0, 0.00%, 
[Map Map Map Map ], 3500, 3500, False, 0.3, 1, 0.5, 30, 30, 2, 0.25, 1, run2_Map_koh_withoutKohonen.txt, run2_Map_q_withoutKohonen.txt, run2_Map_koh_withoutKohonen.txt, run2_Map_q_withoutKohonen.txt, 424, 13583, 3.03%, 424, 13583, 3.03%, 0, 0, 0.00%, 0, 0, 0.00%, 0, 0, 0.00%, 0, 0, 0.00%, 0, 0, 0.00%, 
[Map Map Map Map ], 3500, 0, False, 0.2, 1, 0.3, 30, 30, 2, 0.25, 1, run2_Map_koh_withoutKohonen.txt, run2_Map_q_withoutKohonen.txt, run2_Map_koh_withoutKohonen.txt, run2_Map_q_withoutKohonen.txt, 2629, 11377, 18.77%, 2629, 11377, 18.77%, 0, 0, 0.00%, 0, 0, 0.00%, 0, 0, 0.00%, 0, 0, 0.00%, 0, 0, 0.00%, 
[Map Map Map Map ], 3500, 0, False, 0.1, 1, 0.25, 30, 30, 2, 0.25, 1, run2_Map_koh_withoutKohonen.txt, run2_Map_q_withoutKohonen.txt, run2_Map_koh_withoutKohonen.txt, run2_Map_q_withoutKohonen.txt, 3419, 10589, 24.41%, 3419, 10589, 24.41%, 0, 0, 0.00%, 0, 0, 0.00%, 0, 0, 0.00%, 0, 0, 0.00%, 0, 0, 0.00%, 
[Map Map Map Map ], 1750, 0, False, 0.0001, 1, 0.01, 30, 30, 2, 0.25, 1, run2_Map_koh_withoutKohonen.txt, run2_Map_q_withoutKohonen.txt, run2_Map_koh_withoutKohonen.txt, run2_Map_q_withoutKohonen.txt, 4268, 2740, 60.90%, 4268, 2740, 60.90%, 0, 0, 0.00%, 0, 0, 0.00%, 0, 0, 0.00%, 0, 0, 0.00%, 0, 0, 0.00%, 

[Map1 Map1 Map1 Map1 ], 3500, 3500, False, 0.3, 1, 0.5, 30, 30, 2, 0.5, 1, , , run2_Map1_koh_withoutKohonen.txt, run2_Map1_q_withoutKohonen.txt, 1433, 12575, 10.23%, 0, 0, 0.00%, 1433, 12575, 10.23%, 0, 0, 0.00%, 0, 0, 0.00%, 0, 0, 0.00%, 0, 0, 0.00%, 
[Map1 Map1 Map1 Map1 ], 3500, 3500, False, 0.3, 1, 0.5, 30, 30, 2, 0.25, 1, run2_Map1_koh_withoutKohonen.txt, run2_Map1_q_withoutKohonen.txt, run2_Map1_koh_withoutKohonen.txt, run2_Map1_q_withoutKohonen.txt, 1166, 12840, 8.33%, 0, 0, 0.00%, 1166, 12840, 8.33%, 0, 0, 0.00%, 0, 0, 0.00%, 0, 0, 0.00%, 0, 0, 0.00%, 
[Map1 Map1 Map1 Map1 ], 3500, 0, False, 0.2, 1, 0.3, 30, 30, 2, 0.25, 1, run2_Map1_koh_withoutKohonen.txt, run2_Map1_q_withoutKohonen.txt, run2_Map1_koh_withoutKohonen.txt, run2_Map1_q_withoutKohonen.txt, 5898, 8107, 42.11%, 0, 0, 0.00%, 5898, 8107, 42.11%, 0, 0, 0.00%, 0, 0, 0.00%, 0, 0, 0.00%, 0, 0, 0.00%, 
[Map1 Map1 Map1 Map1 ], 3500, 0, False, 0.1, 1, 0.25, 30, 30, 2, 0.25, 1, run2_Map1_koh_withoutKohonen.txt, run2_Map1_q_withoutKohonen.txt, run2_Map1_koh_withoutKohonen.txt, run2_Map1_q_withoutKohonen.txt, 8818, 5187, 62.96%, 0, 0, 0.00%, 8818, 5187, 62.96%, 0, 0, 0.00%, 0, 0, 0.00%, 0, 0, 0.00%, 0, 0, 0.00%, 
[Map1 Map1 Map1 Map1 ], 1750, 0, False, 0.0001, 1, 0.01, 30, 30, 2, 0.25, 1, run2_Map1_koh_withoutKohonen.txt, run2_Map1_q_withoutKohonen.txt, run2_Map1_koh_withoutKohonen.txt, run2_Map1_q_withoutKohonen.txt, 6238, 767, 89.05%, 0, 0, 0.00%, 6238, 767, 89.05%, 0, 0, 0.00%, 0, 0, 0.00%, 0, 0, 0.00%, 0, 0, 0.00%, 

[Map2 Map2 Map2 Map2 ], 3500, 3500, False, 0.3, 1, 0.5, 30, 30, 2, 0.5, 1, , , run2_Map2_koh_withoutKohonen.txt, run2_Map2_q_withoutKohonen.txt, 1009, 12997, 7.20%, 0, 0, 0.00%, 0, 0, 0.00%, 1009, 12997, 7.20%, 0, 0, 0.00%, 0, 0, 0.00%, 0, 0, 0.00%, 
[Map2 Map2 Map2 Map2 ], 3500, 3500, False, 0.3, 1, 0.5, 30, 30, 2, 0.25, 1, run2_Map2_koh_withoutKohonen.txt, run2_Map2_q_withoutKohonen.txt, run2_Map2_koh_withoutKohonen.txt, run2_Map2_q_withoutKohonen.txt, 946, 13059, 6.75%, 0, 0, 0.00%, 0, 0, 0.00%, 946, 13059, 6.75%, 0, 0, 0.00%, 0, 0, 0.00%, 0, 0, 0.00%, 
[Map2 Map2 Map2 Map2 ], 3500, 0, False, 0.2, 1, 0.3, 30, 30, 2, 0.25, 1, run2_Map2_koh_withoutKohonen.txt, run2_Map2_q_withoutKohonen.txt, run2_Map2_koh_withoutKohonen.txt, run2_Map2_q_withoutKohonen.txt, 2280, 11726, 16.28%, 0, 0, 0.00%, 0, 0, 0.00%, 2280, 11726, 16.28%, 0, 0, 0.00%, 0, 0, 0.00%, 0, 0, 0.00%, 
[Map2 Map2 Map2 Map2 ], 3500, 0, False, 0.1, 1, 0.25, 30, 30, 2, 0.25, 1, run2_Map2_koh_withoutKohonen.txt, run2_Map2_q_withoutKohonen.txt, run2_Map2_koh_withoutKohonen.txt, run2_Map2_q_withoutKohonen.txt, 2620, 11386, 18.71%, 0, 0, 0.00%, 0, 0, 0.00%, 2620, 11386, 18.71%, 0, 0, 0.00%, 0, 0, 0.00%, 0, 0, 0.00%, 
[Map2 Map2 Map2 Map2 ], 1750, 0, False, 0.0001, 1, 0.01, 30, 30, 2, 0.25, 1, run2_Map2_koh_withoutKohonen.txt, run2_Map2_q_withoutKohonen.txt, run2_Map2_koh_withoutKohonen.txt, run2_Map2_q_withoutKohonen.txt, 2662, 4343, 38.00%, 0, 0, 0.00%, 0, 0, 0.00%, 2662, 4343, 38.00%, 0, 0, 0.00%, 0, 0, 0.00%, 0, 0, 0.00%, 

[Map3 Map3 Map3 Map3 ], 3500, 3500, False, 0.3, 1, 0.5, 30, 30, 2, 0.5, 1, , , run2_Map3_koh_withoutKohonen.txt, run2_Map3_q_withoutKohonen.txt, 645, 13362, 4.60%, 0, 0, 0.00%, 0, 0, 0.00%, 0, 0, 0.00%, 645, 13362, 4.60%, 0, 0, 0.00%, 0, 0, 0.00%, 


[Map2 Map2 Map2 Map2 ], 3500, 3500, False, 0.3, 1, 0.5, 30, 30, 2, 0.5, 1, , , run2_Map2_koh_withoutKohonen.txt, run2_Map2_q_withoutKohonen.txt, 1276, 12731, 9.11%, 0, 0, 0.00%, 0, 0, 0.00%, 1276, 12731, 9.11%, 0, 0, 0.00%, 0, 0, 0.00%, 0, 0, 0.00%, 
[Map2 Map2 Map2 Map2 ], 3500, 3500, False, 0.3, 1, 0.5, 30, 30, 2, 0.25, 1, run2_Map2_koh_withoutKohonen.txt, run2_Map2_q_withoutKohonen.txt, run2_Map2_koh_withoutKohonen.txt, run2_Map2_q_withoutKohonen.txt, 2530, 11474, 18.07%, 0, 0, 0.00%, 0, 0, 0.00%, 2530, 11474, 18.07%, 0, 0, 0.00%, 0, 0, 0.00%, 0, 0, 0.00%, 
[Map2 Map2 Map2 Map2 ], 3500, 0, False, 0.2, 1, 0.3, 30, 30, 2, 0.25, 1, run2_Map2_koh_withoutKohonen.txt, run2_Map2_q_withoutKohonen.txt, run2_Map2_koh_withoutKohonen.txt, run2_Map2_q_withoutKohonen.txt, 4772, 9234, 34.07%, 0, 0, 0.00%, 0, 0, 0.00%, 4772, 9234, 34.07%, 0, 0, 0.00%, 0, 0, 0.00%, 0, 0, 0.00%, 
[Map2 Map2 Map2 Map2 ], 3500, 0, False, 0.1, 1, 0.25, 30, 30, 2, 0.25, 1, run2_Map2_koh_withoutKohonen.txt, run2_Map2_q_withoutKohonen.txt, run2_Map2_koh_withoutKohonen.txt, run2_Map2_q_withoutKohonen.txt, 6994, 7011, 49.94%, 0, 0, 0.00%, 0, 0, 0.00%, 6994, 7011, 49.94%, 0, 0, 0.00%, 0, 0, 0.00%, 0, 0, 0.00%, 
[Map2 Map2 Map2 Map2 ], 1750, 0, False, 0.0001, 1, 0.01, 30, 30, 2, 0.25, 1, run2_Map2_koh_withoutKohonen.txt, run2_Map2_q_withoutKohonen.txt, run2_Map2_koh_withoutKohonen.txt, run2_Map2_q_withoutKohonen.txt, 4736, 2271, 67.59%, 0, 0, 0.00%, 0, 0, 0.00%, 4736, 2271, 67.59%, 0, 0, 0.00%, 0, 0, 0.00%, 0, 0, 0.00%, 

[Map3 Map3 Map3 Map3 ], 3500, 3500, False, 0.3, 1, 0.5, 30, 30, 2, 0.5, 1, , , run2_Map3_koh_withoutKohonen.txt, run2_Map3_q_withoutKohonen.txt, 812, 13196, 5.80%, 0, 0, 0.00%, 0, 0, 0.00%, 0, 0, 0.00%, 812, 13196, 5.80%, 0, 0, 0.00%, 0, 0, 0.00%, 
[Map3 Map3 Map3 Map3 ], 3500, 3500, False, 0.3, 1, 0.5, 30, 30, 2, 0.25, 1, run2_Map3_koh_withoutKohonen.txt, run2_Map3_q_withoutKohonen.txt, run2_Map3_koh_withoutKohonen.txt, run2_Map3_q_withoutKohonen.txt, 2114, 11894, 15.09%, 0, 0, 0.00%, 0, 0, 0.00%, 0, 0, 0.00%, 2114, 11894, 15.09%, 0, 0, 0.00%, 0, 0, 0.00%, 
[Map3 Map3 Map3 Map3 ], 3500, 0, False, 0.2, 1, 0.3, 30, 30, 2, 0.25, 1, run2_Map3_koh_withoutKohonen.txt, run2_Map3_q_withoutKohonen.txt, run2_Map3_koh_withoutKohonen.txt, run2_Map3_q_withoutKohonen.txt, 4528, 9479, 32.33%, 0, 0, 0.00%, 0, 0, 0.00%, 0, 0, 0.00%, 4528, 9479, 32.33%, 0, 0, 0.00%, 0, 0, 0.00%, 
[Map3 Map3 Map3 Map3 ], 3500, 0, False, 0.1, 1, 0.25, 30, 30, 2, 0.25, 1, run2_Map3_koh_withoutKohonen.txt, run2_Map3_q_withoutKohonen.txt, run2_Map3_koh_withoutKohonen.txt, run2_Map3_q_withoutKohonen.txt, 6839, 7168, 48.83%, 0, 0, 0.00%, 0, 0, 0.00%, 0, 0, 0.00%, 6839, 7168, 48.83%, 0, 0, 0.00%, 0, 0, 0.00%, 
[Map3 Map3 Map3 Map3 ], 1750, 0, False, 0.0001, 1, 0.01, 30, 30, 2, 0.25, 1, run2_Map3_koh_withoutKohonen.txt, run2_Map3_q_withoutKohonen.txt, run2_Map3_koh_withoutKohonen.txt, run2_Map3_q_withoutKohonen.txt, 6360, 647, 90.77%, 0, 0, 0.00%, 0, 0, 0.00%, 0, 0, 0.00%, 6360, 647, 90.77%, 0, 0, 0.00%, 0, 0, 0.00%, 

[Map4 Map4 Map4 Map4 ], 3500, 3500, False, 0.3, 1, 0.5, 30, 30, 2, 0.5, 1, , , run2_Map4_koh_withoutKohonen.txt, run2_Map4_q_withoutKohonen.txt, 1533, 12474, 10.94%, 0, 0, 0.00%, 0, 0, 0.00%, 0, 0, 0.00%, 0, 0, 0.00%, 1533, 12474, 10.94%, 0, 0, 0.00%, 
[Map4 Map4 Map4 Map4 ], 3500, 3500, False, 0.3, 1, 0.5, 30, 30, 2, 0.25, 1, run2_Map4_koh_withoutKohonen.txt, run2_Map4_q_withoutKohonen.txt, run2_Map4_koh_withoutKohonen.txt, run2_Map4_q_withoutKohonen.txt, 2746, 11262, 19.60%, 0, 0, 0.00%, 0, 0, 0.00%, 0, 0, 0.00%, 0, 0, 0.00%, 2746, 11262, 19.60%, 0, 0, 0.00%, 
[Map4 Map4 Map4 Map4 ], 3500, 0, False, 0.2, 1, 0.3, 30, 30, 2, 0.25, 1, run2_Map4_koh_withoutKohonen.txt, run2_Map4_q_withoutKohonen.txt, run2_Map4_koh_withoutKohonen.txt, run2_Map4_q_withoutKohonen.txt, 4137, 9870, 29.54%, 0, 0, 0.00%, 0, 0, 0.00%, 0, 0, 0.00%, 0, 0, 0.00%, 4137, 9870, 29.54%, 0, 0, 0.00%, 
[Map4 Map4 Map4 Map4 ], 3500, 0, False, 0.1, 1, 0.25, 30, 30, 2, 0.25, 1, run2_Map4_koh_withoutKohonen.txt, run2_Map4_q_withoutKohonen.txt, run2_Map4_koh_withoutKohonen.txt, run2_Map4_q_withoutKohonen.txt, 5180, 8828, 36.98%, 0, 0, 0.00%, 0, 0, 0.00%, 0, 0, 0.00%, 0, 0, 0.00%, 5180, 8828, 36.98%, 0, 0, 0.00%, 
[Map4 Map4 Map4 Map4 ], 1750, 0, False, 0.0001, 1, 0.01, 30, 30, 2, 0.25, 1, run2_Map4_koh_withoutKohonen.txt, run2_Map4_q_withoutKohonen.txt, run2_Map4_koh_withoutKohonen.txt, run2_Map4_q_withoutKohonen.txt, 3445, 3562, 49.17%, 0, 0, 0.00%, 0, 0, 0.00%, 0, 0, 0.00%, 0, 0, 0.00%, 3445, 3562, 49.17%, 0, 0, 0.00%, 

[Map5 Map5 Map5 Map5 ], 3500, 3500, False, 0.3, 1, 0.5, 30, 30, 2, 0.5, 1, , , run2_Map5_koh_withoutKohonen.txt, run2_Map5_q_withoutKohonen.txt, 286, 13721, 2.04%, 0, 0, 0.00%, 0, 0, 0.00%, 0, 0, 0.00%, 0, 0, 0.00%, 0, 0, 0.00%, 286, 13721, 2.04%, 
[Map5 Map5 Map5 Map5 ], 3500, 3500, False, 0.3, 1, 0.5, 30, 30, 2, 0.25, 1, run2_Map5_koh_withoutKohonen.txt, run2_Map5_q_withoutKohonen.txt, run2_Map5_koh_withoutKohonen.txt, run2_Map5_q_withoutKohonen.txt, 1356, 12652, 9.68%, 0, 0, 0.00%, 0, 0, 0.00%, 0, 0, 0.00%, 0, 0, 0.00%, 0, 0, 0.00%, 1356, 12652, 9.68%, 
[Map5 Map5 Map5 Map5 ], 3500, 0, False, 0.2, 1, 0.3, 30, 30, 2, 0.25, 1, run2_Map5_koh_withoutKohonen.txt, run2_Map5_q_withoutKohonen.txt, run2_Map5_koh_withoutKohonen.txt, run2_Map5_q_withoutKohonen.txt, 2666, 11342, 19.03%, 0, 0, 0.00%, 0, 0, 0.00%, 0, 0, 0.00%, 0, 0, 0.00%, 0, 0, 0.00%, 2666, 11342, 19.03%, 
[Map5 Map5 Map5 Map5 ], 3500, 0, False, 0.1, 1, 0.25, 30, 30, 2, 0.25, 1, run2_Map5_koh_withoutKohonen.txt, run2_Map5_q_withoutKohonen.txt, run2_Map5_koh_withoutKohonen.txt, run2_Map5_q_withoutKohonen.txt, 3322, 10686, 23.72%, 0, 0, 0.00%, 0, 0, 0.00%, 0, 0, 0.00%, 0, 0, 0.00%, 0, 0, 0.00%, 3322, 10686, 23.72%, 
[Map5 Map5 Map5 Map5 ], 1750, 0, False, 0.0001, 1, 0.01, 30, 30, 2, 0.25, 1, run2_Map5_koh_withoutKohonen.txt, run2_Map5_q_withoutKohonen.txt, run2_Map5_koh_withoutKohonen.txt, run2_Map5_q_withoutKohonen.txt, 2340, 4668, 33.39%, 0, 0, 0.00%, 0, 0, 0.00%, 0, 0, 0.00%, 0, 0, 0.00%, 0, 0, 0.00%, 2340, 4668, 33.39%, 

[Map Map Map Map ], 3500, 3500, False, 0.3, 1, 0.5, 30, 30, 2, 0.5, 1, , , run2_Map_koh_withKohonen.txt, run2_Map_q_withKohonen.txt, 199, 13809, 1.42%, 199, 13809, 1.42%, 0, 0, 0.00%, 0, 0, 0.00%, 0, 0, 0.00%, 0, 0, 0.00%, 0, 0, 0.00%, 
[Map Map Map Map ], 3500, 3500, False, 0.3, 1, 0.5, 30, 30, 2, 0.25, 1, run2_Map_koh_withKohonen.txt, run2_Map_q_withKohonen.txt, run2_Map_koh_withKohonen.txt, run2_Map_q_withKohonen.txt, 209, 13798, 1.49%, 209, 13798, 1.49%, 0, 0, 0.00%, 0, 0, 0.00%, 0, 0, 0.00%, 0, 0, 0.00%, 0, 0, 0.00%, 
[Map Map Map Map ], 3500, 3500, False, 0.2, 1, 0.3, 30, 30, 2, 0.25, 1, run2_Map_koh_withKohonen.txt, run2_Map_q_withKohonen.txt, run2_Map_koh_withKohonen.txt, run2_Map_q_withKohonen.txt, 419, 13589, 2.99%, 419, 13589, 2.99%, 0, 0, 0.00%, 0, 0, 0.00%, 0, 0, 0.00%, 0, 0, 0.00%, 0, 0, 0.00%, 
[Map Map Map Map ], 3500, 3500, False, 0.1, 1, 0.25, 30, 30, 2, 0.25, 1, run2_Map_koh_withKohonen.txt, run2_Map_q_withKohonen.txt, run2_Map_koh_withKohonen.txt, run2_Map_q_withKohonen.txt, 607, 13401, 4.33%, 607, 13401, 4.33%, 0, 0, 0.00%, 0, 0, 0.00%, 0, 0, 0.00%, 0, 0, 0.00%, 0, 0, 0.00%, 
[Map Map Map Map ], 1750, 0, False, 0.0001, 1, 0.01, 30, 30, 2, 0.25, 1, run2_Map_koh_withKohonen.txt, run2_Map_q_withKohonen.txt, run2_Map_koh_withKohonen.txt, run2_Map_q_withKohonen.txt, 2377, 4630, 33.92%, 2377, 4630, 33.92%, 0, 0, 0.00%, 0, 0, 0.00%, 0, 0, 0.00%, 0, 0, 0.00%, 0, 0, 0.00%, 

[Map1 Map1 Map1 Map1 ], 3500, 3500, False, 0.3, 1, 0.5, 30, 30, 2, 0.5, 1, , , run2_Map1_koh_withKohonen.txt, run2_Map1_q_withKohonen.txt, 1410, 12598, 10.07%, 0, 0, 0.00%, 1410, 12598, 10.07%, 0, 0, 0.00%, 0, 0, 0.00%, 0, 0, 0.00%, 0, 0, 0.00%, 
[Map1 Map1 Map1 Map1 ], 3500, 3500, False, 0.3, 1, 0.5, 30, 30, 2, 0.25, 1, run2_Map1_koh_withKohonen.txt, run2_Map1_q_withKohonen.txt, run2_Map1_koh_withKohonen.txt, run2_Map1_q_withKohonen.txt, 1441, 12565, 10.29%, 0, 0, 0.00%, 1441, 12565, 10.29%, 0, 0, 0.00%, 0, 0, 0.00%, 0, 0, 0.00%, 0, 0, 0.00%, 
[Map1 Map1 Map1 Map1 ], 3500, 3500, False, 0.2, 1, 0.3, 30, 30, 2, 0.25, 1, run2_Map1_koh_withKohonen.txt, run2_Map1_q_withKohonen.txt, run2_Map1_koh_withKohonen.txt, run2_Map1_q_withKohonen.txt, 2707, 11300, 19.33%, 0, 0, 0.00%, 2707, 11300, 19.33%, 0, 0, 0.00%, 0, 0, 0.00%, 0, 0, 0.00%, 0, 0, 0.00%, 
[Map1 Map1 Map1 Map1 ], 3500, 3500, False, 0.1, 1, 0.25, 30, 30, 2, 0.25, 1, run2_Map1_koh_withKohonen.txt, run2_Map1_q_withKohonen.txt, run2_Map1_koh_withKohonen.txt, run2_Map1_q_withKohonen.txt, 3002, 11006, 21.43%, 0, 0, 0.00%, 3002, 11006, 21.43%, 0, 0, 0.00%, 0, 0, 0.00%, 0, 0, 0.00%, 0, 0, 0.00%, 
[Map1 Map1 Map1 Map1 ], 1750, 0, False, 0.0001, 1, 0.01, 30, 30, 2, 0.25, 1, run2_Map1_koh_withKohonen.txt, run2_Map1_q_withKohonen.txt, run2_Map1_koh_withKohonen.txt, run2_Map1_q_withKohonen.txt, 1597, 5411, 22.79%, 0, 0, 0.00%, 1597, 5411, 22.79%, 0, 0, 0.00%, 0, 0, 0.00%, 0, 0, 0.00%, 0, 0, 0.00%, 

[Map2 Map2 Map2 Map2 ], 3500, 3500, False, 0.3, 1, 0.5, 30, 30, 2, 0.5, 1, , , run2_Map2_koh_withKohonen.txt, run2_Map2_q_withKohonen.txt, 908, 13099, 6.48%, 0, 0, 0.00%, 0, 0, 0.00%, 908, 13099, 6.48%, 0, 0, 0.00%, 0, 0, 0.00%, 0, 0, 0.00%, 
[Map2 Map2 Map2 Map2 ], 3500, 3500, False, 0.3, 1, 0.5, 30, 30, 2, 0.25, 1, run2_Map2_koh_withKohonen.txt, run2_Map2_q_withKohonen.txt, run2_Map2_koh_withKohonen.txt, run2_Map2_q_withKohonen.txt, 1485, 12523, 10.60%, 0, 0, 0.00%, 0, 0, 0.00%, 1485, 12523, 10.60%, 0, 0, 0.00%, 0, 0, 0.00%, 0, 0, 0.00%, 
[Map2 Map2 Map2 Map2 ], 3500, 3500, False, 0.2, 1, 0.3, 30, 30, 2, 0.25, 1, run2_Map2_koh_withKohonen.txt, run2_Map2_q_withKohonen.txt, run2_Map2_koh_withKohonen.txt, run2_Map2_q_withKohonen.txt, 3474, 10533, 24.80%, 0, 0, 0.00%, 0, 0, 0.00%, 3474, 10533, 24.80%, 0, 0, 0.00%, 0, 0, 0.00%, 0, 0, 0.00%, 
[Map2 Map2 Map2 Map2 ], 3500, 3500, False, 0.1, 1, 0.25, 30, 30, 2, 0.25, 1, run2_Map2_koh_withKohonen.txt, run2_Map2_q_withKohonen.txt, run2_Map2_koh_withKohonen.txt, run2_Map2_q_withKohonen.txt, 4432, 9575, 31.64%, 0, 0, 0.00%, 0, 0, 0.00%, 4432, 9575, 31.64%, 0, 0, 0.00%, 0, 0, 0.00%, 0, 0, 0.00%, 
[Map2 Map2 Map2 Map2 ], 1750, 0, False, 0.0001, 1, 0.01, 30, 30, 2, 0.25, 1, run2_Map2_koh_withKohonen.txt, run2_Map2_q_withKohonen.txt, run2_Map2_koh_withKohonen.txt, run2_Map2_q_withKohonen.txt, 1598, 5407, 22.81%, 0, 0, 0.00%, 0, 0, 0.00%, 1598, 5407, 22.81%, 0, 0, 0.00%, 0, 0, 0.00%, 0, 0, 0.00%, 

[Map3 Map3 Map3 Map3 ], 3500, 3500, False, 0.3, 1, 0.5, 30, 30, 2, 0.5, 1, , , run2_Map3_koh_withKohonen.txt, run2_Map3_q_withKohonen.txt, 539, 13469, 3.85%, 0, 0, 0.00%, 0, 0, 0.00%, 0, 0, 0.00%, 539, 13469, 3.85%, 0, 0, 0.00%, 0, 0, 0.00%, 
[Map3 Map3 Map3 Map3 ], 3500, 3500, False, 0.3, 1, 0.5, 30, 30, 2, 0.25, 1, run2_Map3_koh_withKohonen.txt, run2_Map3_q_withKohonen.txt, run2_Map3_koh_withKohonen.txt, run2_Map3_q_withKohonen.txt, 633, 13374, 4.52%, 0, 0, 0.00%, 0, 0, 0.00%, 0, 0, 0.00%, 633, 13374, 4.52%, 0, 0, 0.00%, 0, 0, 0.00%, 
[Map3 Map3 Map3 Map3 ], 3500, 3500, False, 0.2, 1, 0.3, 30, 30, 2, 0.25, 1, run2_Map3_koh_withKohonen.txt, run2_Map3_q_withKohonen.txt, run2_Map3_koh_withKohonen.txt, run2_Map3_q_withKohonen.txt, 1544, 12462, 11.02%, 0, 0, 0.00%, 0, 0, 0.00%, 0, 0, 0.00%, 1544, 12462, 11.02%, 0, 0, 0.00%, 0, 0, 0.00%, 
[Map3 Map3 Map3 Map3 ], 3500, 3500, False, 0.1, 1, 0.25, 30, 30, 2, 0.25, 1, run2_Map3_koh_withKohonen.txt, run2_Map3_q_withKohonen.txt, run2_Map3_koh_withKohonen.txt, run2_Map3_q_withKohonen.txt, 4969, 9036, 35.48%, 0, 0, 0.00%, 0, 0, 0.00%, 0, 0, 0.00%, 4969, 9036, 35.48%, 0, 0, 0.00%, 0, 0, 0.00%, 
[Map3 Map3 Map3 Map3 ], 1750, 0, False, 0.0001, 1, 0.01, 30, 30, 2, 0.25, 1, run2_Map3_koh_withKohonen.txt, run2_Map3_q_withKohonen.txt, run2_Map3_koh_withKohonen.txt, run2_Map3_q_withKohonen.txt, 3778, 3229, 53.92%, 0, 0, 0.00%, 0, 0, 0.00%, 0, 0, 0.00%, 3778, 3229, 53.92%, 0, 0, 0.00%, 0, 0, 0.00%, 

[Map4 Map4 Map4 Map4 ], 3500, 3500, False, 0.3, 1, 0.5, 30, 30, 2, 0.5, 1, , , run2_Map4_koh_withKohonen.txt, run2_Map4_q_withKohonen.txt, 1370, 12638, 9.78%, 0, 0, 0.00%, 0, 0, 0.00%, 0, 0, 0.00%, 0, 0, 0.00%, 1370, 12638, 9.78%, 0, 0, 0.00%, 
[Map4 Map4 Map4 Map4 ], 3500, 3500, False, 0.3, 1, 0.5, 30, 30, 2, 0.25, 1, run2_Map4_koh_withKohonen.txt, run2_Map4_q_withKohonen.txt, run2_Map4_koh_withKohonen.txt, run2_Map4_q_withKohonen.txt, 1695, 12313, 12.10%, 0, 0, 0.00%, 0, 0, 0.00%, 0, 0, 0.00%, 0, 0, 0.00%, 1695, 12313, 12.10%, 0, 0, 0.00%, 
[Map4 Map4 Map4 Map4 ], 3500, 3500, False, 0.2, 1, 0.3, 30, 30, 2, 0.25, 1, run2_Map4_koh_withKohonen.txt, run2_Map4_q_withKohonen.txt, run2_Map4_koh_withKohonen.txt, run2_Map4_q_withKohonen.txt, 3753, 10254, 26.79%, 0, 0, 0.00%, 0, 0, 0.00%, 0, 0, 0.00%, 0, 0, 0.00%, 3753, 10254, 26.79%, 0, 0, 0.00%, 
[Map4 Map4 Map4 Map4 ], 3500, 3500, False, 0.1, 1, 0.25, 30, 30, 2, 0.25, 1, run2_Map4_koh_withKohonen.txt, run2_Map4_q_withKohonen.txt, run2_Map4_koh_withKohonen.txt, run2_Map4_q_withKohonen.txt, 3750, 10257, 26.77%, 0, 0, 0.00%, 0, 0, 0.00%, 0, 0, 0.00%, 0, 0, 0.00%, 3750, 10257, 26.77%, 0, 0, 0.00%, 
[Map4 Map4 Map4 Map4 ], 1750, 0, False, 0.0001, 1, 0.01, 30, 30, 2, 0.25, 1, run2_Map4_koh_withKohonen.txt, run2_Map4_q_withKohonen.txt, run2_Map4_koh_withKohonen.txt, run2_Map4_q_withKohonen.txt, 129, 6879, 1.84%, 0, 0, 0.00%, 0, 0, 0.00%, 0, 0, 0.00%, 0, 0, 0.00%, 129, 6879, 1.84%, 0, 0, 0.00%, 

[Map5 Map5 Map5 Map5 ], 3500, 3500, False, 0.3, 1, 0.5, 30, 30, 2, 0.5, 1, , , run2_Map5_koh_withKohonen.txt, run2_Map5_q_withKohonen.txt, 595, 13412, 4.25%, 0, 0, 0.00%, 0, 0, 0.00%, 0, 0, 0.00%, 0, 0, 0.00%, 0, 0, 0.00%, 595, 13412, 4.25%, 
[Map5 Map5 Map5 Map5 ], 3500, 3500, False, 0.3, 1, 0.5, 30, 30, 2, 0.5, 1, , , run2_Map5_koh_withKohonen.txt, run2_Map5_q_withKohonen.txt, 265, 13743, 1.89%, 0, 0, 0.00%, 0, 0, 0.00%, 0, 0, 0.00%, 0, 0, 0.00%, 0, 0, 0.00%, 265, 13743, 1.89%, 
[Map5 Map5 Map5 Map5 ], 3500, 3500, False, 0.3, 1, 0.5, 30, 30, 2, 0.25, 1, run2_Map5_koh_withKohonen.txt, run2_Map5_q_withKohonen.txt, run2_Map5_koh_withKohonen.txt, run2_Map5_q_withKohonen.txt, 325, 13682, 2.32%, 0, 0, 0.00%, 0, 0, 0.00%, 0, 0, 0.00%, 0, 0, 0.00%, 0, 0, 0.00%, 325, 13682, 2.32%, 
[Map5 Map5 Map5 Map5 ], 3500, 3500, False, 0.2, 1, 0.3, 30, 30, 2, 0.25, 1, run2_Map5_koh_withKohonen.txt, run2_Map5_q_withKohonen.txt, run2_Map5_koh_withKohonen.txt, run2_Map5_q_withKohonen.txt, 439, 13569, 3.13%, 0, 0, 0.00%, 0, 0, 0.00%, 0, 0, 0.00%, 0, 0, 0.00%, 0, 0, 0.00%, 439, 13569, 3.13%, 
[Map5 Map5 Map5 Map5 ], 3500, 3500, False, 0.1, 1, 0.25, 30, 30, 2, 0.25, 1, run2_Map5_koh_withKohonen.txt, run2_Map5_q_withKohonen.txt, run2_Map5_koh_withKohonen.txt, run2_Map5_q_withKohonen.txt, 403, 13605, 2.88%, 0, 0, 0.00%, 0, 0, 0.00%, 0, 0, 0.00%, 0, 0, 0.00%, 0, 0, 0.00%, 403, 13605, 2.88%, 
[Map5 Map5 Map5 Map5 ], 1750, 0, False, 0.0001, 1, 0.01, 30, 30, 2, 0.25, 1, run2_Map5_koh_withKohonen.txt, run2_Map5_q_withKohonen.txt, run2_Map5_koh_withKohonen.txt, run2_Map5_q_withKohonen.txt, 411, 6596, 5.87%, 0, 0, 0.00%, 0, 0, 0.00%, 0, 0, 0.00%, 0, 0, 0.00%, 0, 0, 0.00%, 411, 6596, 5.87%, 

[Map Map Map Map ], 3500, 3500, False, 0.3, 1, 0.5, 30, 30, 2, 0.5, 1, , , run3_Map_koh_withoutKohonen.txt, run3_Map_q_withoutKohonen.txt, 128, 13880, 0.91%, 128, 13880, 0.91%, 0, 0, 0.00%, 0, 0, 0.00%, 0, 0, 0.00%, 0, 0, 0.00%, 0, 0, 0.00%, 
[Map Map Map Map ], 3500, 3500, False, 0.3, 1, 0.5, 30, 30, 2, 0.25, 1, run3_Map_koh_withoutKohonen.txt, run3_Map_q_withoutKohonen.txt, run3_Map_koh_withoutKohonen.txt, run3_Map_q_withoutKohonen.txt, 287, 13720, 2.05%, 287, 13720, 2.05%, 0, 0, 0.00%, 0, 0, 0.00%, 0, 0, 0.00%, 0, 0, 0.00%, 0, 0, 0.00%, 
[Map Map Map Map ], 3500, 0, False, 0.2, 1, 0.3, 30, 30, 2, 0.25, 1, run3_Map_koh_withoutKohonen.txt, run3_Map_q_withoutKohonen.txt, run3_Map_koh_withoutKohonen.txt, run3_Map_q_withoutKohonen.txt, 838, 13170, 5.98%, 838, 13170, 5.98%, 0, 0, 0.00%, 0, 0, 0.00%, 0, 0, 0.00%, 0, 0, 0.00%, 0, 0, 0.00%, 
[Map Map Map Map ], 3500, 0, False, 0.1, 1, 0.25, 30, 30, 2, 0.25, 1, run3_Map_koh_withoutKohonen.txt, run3_Map_q_withoutKohonen.txt, run3_Map_koh_withoutKohonen.txt, run3_Map_q_withoutKohonen.txt, 1416, 12591, 10.11%, 1416, 12591, 10.11%, 0, 0, 0.00%, 0, 0, 0.00%, 0, 0, 0.00%, 0, 0, 0.00%, 0, 0, 0.00%, 
[Map Map Map Map ], 1750, 0, False, 0.0001, 1, 0.01, 30, 30, 2, 0.25, 1, run3_Map_koh_withoutKohonen.txt, run3_Map_q_withoutKohonen.txt, run3_Map_koh_withoutKohonen.txt, run3_Map_q_withoutKohonen.txt, 2614, 4394, 37.30%, 2614, 4394, 37.30%, 0, 0, 0.00%, 0, 0, 0.00%, 0, 0, 0.00%, 0, 0, 0.00%, 0, 0, 0.00%, 

[Map1 Map1 Map1 Map1 ], 3500, 3500, False, 0.3, 1, 0.5, 30, 30, 2, 0.5, 1, , , run3_Map1_koh_withoutKohonen.txt, run3_Map1_q_withoutKohonen.txt, 1531, 12477, 10.93%, 0, 0, 0.00%, 1531, 12477, 10.93%, 0, 0, 0.00%, 0, 0, 0.00%, 0, 0, 0.00%, 0, 0, 0.00%, 
[Map1 Map1 Map1 Map1 ], 3500, 3500, False, 0.3, 1, 0.5, 30, 30, 2, 0.25, 1, run3_Map1_koh_withoutKohonen.txt, run3_Map1_q_withoutKohonen.txt, run3_Map1_koh_withoutKohonen.txt, run3_Map1_q_withoutKohonen.txt, 1420, 12588, 10.14%, 0, 0, 0.00%, 1420, 12588, 10.14%, 0, 0, 0.00%, 0, 0, 0.00%, 0, 0, 0.00%, 0, 0, 0.00%, 
[Map1 Map1 Map1 Map1 ], 3500, 0, False, 0.2, 1, 0.3, 30, 30, 2, 0.25, 1, run3_Map1_koh_withoutKohonen.txt, run3_Map1_q_withoutKohonen.txt, run3_Map1_koh_withoutKohonen.txt, run3_Map1_q_withoutKohonen.txt, 2119, 11889, 15.13%, 0, 0, 0.00%, 2119, 11889, 15.13%, 0, 0, 0.00%, 0, 0, 0.00%, 0, 0, 0.00%, 0, 0, 0.00%, 
[Map1 Map1 Map1 Map1 ], 3500, 0, False, 0.1, 1, 0.25, 30, 30, 2, 0.25, 1, run3_Map1_koh_withoutKohonen.txt, run3_Map1_q_withoutKohonen.txt, run3_Map1_koh_withoutKohonen.txt, run3_Map1_q_withoutKohonen.txt, 5639, 8368, 40.26%, 0, 0, 0.00%, 5639, 8368, 40.26%, 0, 0, 0.00%, 0, 0, 0.00%, 0, 0, 0.00%, 0, 0, 0.00%, 
[Map1 Map1 Map1 Map1 ], 1750, 0, False, 0.0001, 1, 0.01, 30, 30, 2, 0.25, 1, run3_Map1_koh_withoutKohonen.txt, run3_Map1_q_withoutKohonen.txt, run3_Map1_koh_withoutKohonen.txt, run3_Map1_q_withoutKohonen.txt, 5298, 1708, 75.62%, 0, 0, 0.00%, 5298, 1708, 75.62%, 0, 0, 0.00%, 0, 0, 0.00%, 0, 0, 0.00%, 0, 0, 0.00%, 

[Map2 Map2 Map2 Map2 ], 3500, 3500, False, 0.3, 1, 0.5, 30, 30, 2, 0.5, 1, , , run3_Map2_koh_withoutKohonen.txt, run3_Map2_q_withoutKohonen.txt, 1046, 12961, 7.47%, 0, 0, 0.00%, 0, 0, 0.00%, 1046, 12961, 7.47%, 0, 0, 0.00%, 0, 0, 0.00%, 0, 0, 0.00%, 
[Map2 Map2 Map2 Map2 ], 3500, 3500, False, 0.3, 1, 0.5, 30, 30, 2, 0.25, 1, run3_Map2_koh_withoutKohonen.txt, run3_Map2_q_withoutKohonen.txt, run3_Map2_koh_withoutKohonen.txt, run3_Map2_q_withoutKohonen.txt, 1017, 12989, 7.26%, 0, 0, 0.00%, 0, 0, 0.00%, 1017, 12989, 7.26%, 0, 0, 0.00%, 0, 0, 0.00%, 0, 0, 0.00%, 
[Map2 Map2 Map2 Map2 ], 3500, 0, False, 0.2, 1, 0.3, 30, 30, 2, 0.25, 1, run3_Map2_koh_withoutKohonen.txt, run3_Map2_q_withoutKohonen.txt, run3_Map2_koh_withoutKohonen.txt, run3_Map2_q_withoutKohonen.txt, 2148, 11860, 15.33%, 0, 0, 0.00%, 0, 0, 0.00%, 2148, 11860, 15.33%, 0, 0, 0.00%, 0, 0, 0.00%, 0, 0, 0.00%, 
[Map2 Map2 Map2 Map2 ], 3500, 0, False, 0.1, 1, 0.25, 30, 30, 2, 0.25, 1, run3_Map2_koh_withoutKohonen.txt, run3_Map2_q_withoutKohonen.txt, run3_Map2_koh_withoutKohonen.txt, run3_Map2_q_withoutKohonen.txt, 2808, 11197, 20.05%, 0, 0, 0.00%, 0, 0, 0.00%, 2808, 11197, 20.05%, 0, 0, 0.00%, 0, 0, 0.00%, 0, 0, 0.00%, 
[Map2 Map2 Map2 Map2 ], 1750, 0, False, 0.0001, 1, 0.01, 30, 30, 2, 0.25, 1, run3_Map2_koh_withoutKohonen.txt, run3_Map2_q_withoutKohonen.txt, run3_Map2_koh_withoutKohonen.txt, run3_Map2_q_withoutKohonen.txt, 404, 6604, 5.76%, 0, 0, 0.00%, 0, 0, 0.00%, 404, 6604, 5.76%, 0, 0, 0.00%, 0, 0, 0.00%, 0, 0, 0.00%, 

[Map3 Map3 Map3 Map3 ], 3500, 3500, False, 0.3, 1, 0.5, 30, 30, 2, 0.5, 1, , , run3_Map3_koh_withoutKohonen.txt, run3_Map3_q_withoutKohonen.txt, 696, 13311, 4.97%, 0, 0, 0.00%, 0, 0, 0.00%, 0, 0, 0.00%, 696, 13311, 4.97%, 0, 0, 0.00%, 0, 0, 0.00%, 
[Map3 Map3 Map3 Map3 ], 3500, 3500, False, 0.3, 1, 0.5, 30, 30, 2, 0.25, 1, run3_Map3_koh_withoutKohonen.txt, run3_Map3_q_withoutKohonen.txt, run3_Map3_koh_withoutKohonen.txt, run3_Map3_q_withoutKohonen.txt, 669, 13338, 4.78%, 0, 0, 0.00%, 0, 0, 0.00%, 0, 0, 0.00%, 669, 13338, 4.78%, 0, 0, 0.00%, 0, 0, 0.00%, 
[Map3 Map3 Map3 Map3 ], 3500, 0, False, 0.2, 1, 0.3, 30, 30, 2, 0.25, 1, run3_Map3_koh_withoutKohonen.txt, run3_Map3_q_withoutKohonen.txt, run3_Map3_koh_withoutKohonen.txt, run3_Map3_q_withoutKohonen.txt, 1926, 12082, 13.75%, 0, 0, 0.00%, 0, 0, 0.00%, 0, 0, 0.00%, 1926, 12082, 13.75%, 0, 0, 0.00%, 0, 0, 0.00%, 
[Map3 Map3 Map3 Map3 ], 3500, 0, False, 0.1, 1, 0.25, 30, 30, 2, 0.25, 1, run3_Map3_koh_withoutKohonen.txt, run3_Map3_q_withoutKohonen.txt, run3_Map3_koh_withoutKohonen.txt, run3_Map3_q_withoutKohonen.txt, 2821, 11187, 20.14%, 0, 0, 0.00%, 0, 0, 0.00%, 0, 0, 0.00%, 2821, 11187, 20.14%, 0, 0, 0.00%, 0, 0, 0.00%, 
[Map3 Map3 Map3 Map3 ], 1750, 0, False, 0.0001, 1, 0.01, 30, 30, 2, 0.25, 1, run3_Map3_koh_withoutKohonen.txt, run3_Map3_q_withoutKohonen.txt, run3_Map3_koh_withoutKohonen.txt, run3_Map3_q_withoutKohonen.txt, 240, 6767, 3.43%, 0, 0, 0.00%, 0, 0, 0.00%, 0, 0, 0.00%, 240, 6767, 3.43%, 0, 0, 0.00%, 0, 0, 0.00%, 

[Map4 Map4 Map4 Map4 ], 3500, 3500, False, 0.3, 1, 0.5, 30, 30, 2, 0.5, 1, , , run3_Map4_koh_withoutKohonen.txt, run3_Map4_q_withoutKohonen.txt, 1187, 12821, 8.47%, 0, 0, 0.00%, 0, 0, 0.00%, 0, 0, 0.00%, 0, 0, 0.00%, 1187, 12821, 8.47%, 0, 0, 0.00%, 
[Map4 Map4 Map4 Map4 ], 3500, 3500, False, 0.3, 1, 0.5, 30, 30, 2, 0.25, 1, run3_Map4_koh_withoutKohonen.txt, run3_Map4_q_withoutKohonen.txt, run3_Map4_koh_withoutKohonen.txt, run3_Map4_q_withoutKohonen.txt, 3176, 10832, 22.67%, 0, 0, 0.00%, 0, 0, 0.00%, 0, 0, 0.00%, 0, 0, 0.00%, 3176, 10832, 22.67%, 0, 0, 0.00%, 
[Map4 Map4 Map4 Map4 ], 3500, 0, False, 0.2, 1, 0.3, 30, 30, 2, 0.25, 1, run3_Map4_koh_withoutKohonen.txt, run3_Map4_q_withoutKohonen.txt, run3_Map4_koh_withoutKohonen.txt, run3_Map4_q_withoutKohonen.txt, 5080, 8928, 36.26%, 0, 0, 0.00%, 0, 0, 0.00%, 0, 0, 0.00%, 0, 0, 0.00%, 5080, 8928, 36.26%, 0, 0, 0.00%, 
[Map4 Map4 Map4 Map4 ], 3500, 0, False, 0.1, 1, 0.25, 30, 30, 2, 0.25, 1, run3_Map4_koh_withoutKohonen.txt, run3_Map4_q_withoutKohonen.txt, run3_Map4_koh_withoutKohonen.txt, run3_Map4_q_withoutKohonen.txt, 5235, 8773, 37.37%, 0, 0, 0.00%, 0, 0, 0.00%, 0, 0, 0.00%, 0, 0, 0.00%, 5235, 8773, 37.37%, 0, 0, 0.00%, 
[Map4 Map4 Map4 Map4 ], 1750, 0, False, 0.0001, 1, 0.01, 30, 30, 2, 0.25, 1, run3_Map4_koh_withoutKohonen.txt, run3_Map4_q_withoutKohonen.txt, run3_Map4_koh_withoutKohonen.txt, run3_Map4_q_withoutKohonen.txt, 5374, 1633, 76.69%, 0, 0, 0.00%, 0, 0, 0.00%, 0, 0, 0.00%, 0, 0, 0.00%, 5374, 1633, 76.69%, 0, 0, 0.00%, 

[Map5 Map5 Map5 Map5 ], 3500, 3500, False, 0.3, 1, 0.5, 30, 30, 2, 0.5, 1, , , run3_Map5_koh_withoutKohonen.txt, run3_Map5_q_withoutKohonen.txt, 251, 13757, 1.79%, 0, 0, 0.00%, 0, 0, 0.00%, 0, 0, 0.00%, 0, 0, 0.00%, 0, 0, 0.00%, 251, 13757, 1.79%, 
[Map5 Map5 Map5 Map5 ], 3500, 3500, False, 0.3, 1, 0.5, 30, 30, 2, 0.25, 1, run3_Map5_koh_withoutKohonen.txt, run3_Map5_q_withoutKohonen.txt, run3_Map5_koh_withoutKohonen.txt, run3_Map5_q_withoutKohonen.txt, 584, 13424, 4.17%, 0, 0, 0.00%, 0, 0, 0.00%, 0, 0, 0.00%, 0, 0, 0.00%, 0, 0, 0.00%, 584, 13424, 4.17%, 
[Map5 Map5 Map5 Map5 ], 3500, 0, False, 0.2, 1, 0.3, 30, 30, 2, 0.25, 1, run3_Map5_koh_withoutKohonen.txt, run3_Map5_q_withoutKohonen.txt, run3_Map5_koh_withoutKohonen.txt, run3_Map5_q_withoutKohonen.txt, 2529, 11479, 18.05%, 0, 0, 0.00%, 0, 0, 0.00%, 0, 0, 0.00%, 0, 0, 0.00%, 0, 0, 0.00%, 2529, 11479, 18.05%, 
[Map5 Map5 Map5 Map5 ], 3500, 0, False, 0.1, 1, 0.25, 30, 30, 2, 0.25, 1, run3_Map5_koh_withoutKohonen.txt, run3_Map5_q_withoutKohonen.txt, run3_Map5_koh_withoutKohonen.txt, run3_Map5_q_withoutKohonen.txt, 4605, 9402, 32.88%, 0, 0, 0.00%, 0, 0, 0.00%, 0, 0, 0.00%, 0, 0, 0.00%, 0, 0, 0.00%, 4605, 9402, 32.88%, 
[Map5 Map5 Map5 Map5 ], 1750, 0, False, 0.0001, 1, 0.01, 30, 30, 2, 0.25, 1, run3_Map5_koh_withoutKohonen.txt, run3_Map5_q_withoutKohonen.txt, run3_Map5_koh_withoutKohonen.txt, run3_Map5_q_withoutKohonen.txt, 1780, 5228, 25.40%, 0, 0, 0.00%, 0, 0, 0.00%, 0, 0, 0.00%, 0, 0, 0.00%, 0, 0, 0.00%, 1780, 5228, 25.40%, 

[Map Map Map Map ], 3500, 3500, False, 0.3, 1, 0.5, 30, 30, 2, 0.5, 1, , , run3_Map_koh_withKohonen.txt, run3_Map_q_withKohonen.txt, 151, 13857, 1.08%, 151, 13857, 1.08%, 0, 0, 0.00%, 0, 0, 0.00%, 0, 0, 0.00%, 0, 0, 0.00%, 0, 0, 0.00%, 
[Map Map Map Map ], 3500, 3500, False, 0.3, 1, 0.5, 30, 30, 2, 0.25, 1, run3_Map_koh_withKohonen.txt, run3_Map_q_withKohonen.txt, run3_Map_koh_withKohonen.txt, run3_Map_q_withKohonen.txt, 223, 13785, 1.59%, 223, 13785, 1.59%, 0, 0, 0.00%, 0, 0, 0.00%, 0, 0, 0.00%, 0, 0, 0.00%, 0, 0, 0.00%, 
[Map Map Map Map ], 3500, 3500, False, 0.2, 1, 0.3, 30, 30, 2, 0.25, 1, run3_Map_koh_withKohonen.txt, run3_Map_q_withKohonen.txt, run3_Map_koh_withKohonen.txt, run3_Map_q_withKohonen.txt, 264, 13744, 1.88%, 264, 13744, 1.88%, 0, 0, 0.00%, 0, 0, 0.00%, 0, 0, 0.00%, 0, 0, 0.00%, 0, 0, 0.00%, 
[Map Map Map Map ], 3500, 3500, False, 0.1, 1, 0.25, 30, 30, 2, 0.25, 1, run3_Map_koh_withKohonen.txt, run3_Map_q_withKohonen.txt, run3_Map_koh_withKohonen.txt, run3_Map_q_withKohonen.txt, 249, 13759, 1.78%, 249, 13759, 1.78%, 0, 0, 0.00%, 0, 0, 0.00%, 0, 0, 0.00%, 0, 0, 0.00%, 0, 0, 0.00%, 
[Map Map Map Map ], 1750, 0, False, 0.0001, 1, 0.01, 30, 30, 2, 0.25, 1, run3_Map_koh_withKohonen.txt, run3_Map_q_withKohonen.txt, run3_Map_koh_withKohonen.txt, run3_Map_q_withKohonen.txt, 0, 7008, 0.00%, 0, 7008, 0.00%, 0, 0, 0.00%, 0, 0, 0.00%, 0, 0, 0.00%, 0, 0, 0.00%, 0, 0, 0.00%, 

[Map1 Map1 Map1 Map1 ], 3500, 3500, False, 0.3, 1, 0.5, 30, 30, 2, 0.5, 1, , , run3_Map1_koh_withKohonen.txt, run3_Map1_q_withKohonen.txt, 1521, 12484, 10.86%, 0, 0, 0.00%, 1521, 12484, 10.86%, 0, 0, 0.00%, 0, 0, 0.00%, 0, 0, 0.00%, 0, 0, 0.00%, 
[Map1 Map1 Map1 Map1 ], 3500, 3500, False, 0.3, 1, 0.5, 30, 30, 2, 0.25, 1, run3_Map1_koh_withKohonen.txt, run3_Map1_q_withKohonen.txt, run3_Map1_koh_withKohonen.txt, run3_Map1_q_withKohonen.txt, 869, 13137, 6.20%, 0, 0, 0.00%, 869, 13137, 6.20%, 0, 0, 0.00%, 0, 0, 0.00%, 0, 0, 0.00%, 0, 0, 0.00%, 
[Map1 Map1 Map1 Map1 ], 3500, 3500, False, 0.2, 1, 0.3, 30, 30, 2, 0.25, 1, run3_Map1_koh_withKohonen.txt, run3_Map1_q_withKohonen.txt, run3_Map1_koh_withKohonen.txt, run3_Map1_q_withKohonen.txt, 731, 13277, 5.22%, 0, 0, 0.00%, 731, 13277, 5.22%, 0, 0, 0.00%, 0, 0, 0.00%, 0, 0, 0.00%, 0, 0, 0.00%, 
[Map1 Map1 Map1 Map1 ], 3500, 3500, False, 0.1, 1, 0.25, 30, 30, 2, 0.25, 1, run3_Map1_koh_withKohonen.txt, run3_Map1_q_withKohonen.txt, run3_Map1_koh_withKohonen.txt, run3_Map1_q_withKohonen.txt, 1654, 12353, 11.81%, 0, 0, 0.00%, 1654, 12353, 11.81%, 0, 0, 0.00%, 0, 0, 0.00%, 0, 0, 0.00%, 0, 0, 0.00%, 
[Map1 Map1 Map1 Map1 ], 1750, 0, False, 0.0001, 1, 0.01, 30, 30, 2, 0.25, 1, run3_Map1_koh_withKohonen.txt, run3_Map1_q_withKohonen.txt, run3_Map1_koh_withKohonen.txt, run3_Map1_q_withKohonen.txt, 1446, 5559, 20.64%, 0, 0, 0.00%, 1446, 5559, 20.64%, 0, 0, 0.00%, 0, 0, 0.00%, 0, 0, 0.00%, 0, 0, 0.00%, 

[Map2 Map2 Map2 Map2 ], 3500, 3500, False, 0.3, 1, 0.5, 30, 30, 2, 0.5, 1, , , run3_Map2_koh_withKohonen.txt, run3_Map2_q_withKohonen.txt, 920, 13087, 6.57%, 0, 0, 0.00%, 0, 0, 0.00%, 920, 13087, 6.57%, 0, 0, 0.00%, 0, 0, 0.00%, 0, 0, 0.00%, 
[Map2 Map2 Map2 Map2 ], 3500, 3500, False, 0.3, 1, 0.5, 30, 30, 2, 0.25, 1, run3_Map2_koh_withKohonen.txt, run3_Map2_q_withKohonen.txt, run3_Map2_koh_withKohonen.txt, run3_Map2_q_withKohonen.txt, 2345, 11662, 16.74%, 0, 0, 0.00%, 0, 0, 0.00%, 2345, 11662, 16.74%, 0, 0, 0.00%, 0, 0, 0.00%, 0, 0, 0.00%, 
[Map2 Map2 Map2 Map2 ], 3500, 3500, False, 0.2, 1, 0.3, 30, 30, 2, 0.25, 1, run3_Map2_koh_withKohonen.txt, run3_Map2_q_withKohonen.txt, run3_Map2_koh_withKohonen.txt, run3_Map2_q_withKohonen.txt, 1848, 12160, 13.19%, 0, 0, 0.00%, 0, 0, 0.00%, 1848, 12160, 13.19%, 0, 0, 0.00%, 0, 0, 0.00%, 0, 0, 0.00%, 
[Map2 Map2 Map2 Map2 ], 3500, 3500, False, 0.1, 1, 0.25, 30, 30, 2, 0.25, 1, run3_Map2_koh_withKohonen.txt, run3_Map2_q_withKohonen.txt, run3_Map2_koh_withKohonen.txt, run3_Map2_q_withKohonen.txt, 3819, 10189, 27.26%, 0, 0, 0.00%, 0, 0, 0.00%, 3819, 10189, 27.26%, 0, 0, 0.00%, 0, 0, 0.00%, 0, 0, 0.00%, 
[Map2 Map2 Map2 Map2 ], 1750, 0, False, 0.0001, 1, 0.01, 30, 30, 2, 0.25, 1, run3_Map2_koh_withKohonen.txt, run3_Map2_q_withKohonen.txt, run3_Map2_koh_withKohonen.txt, run3_Map2_q_withKohonen.txt, 2124, 4883, 30.31%, 0, 0, 0.00%, 0, 0, 0.00%, 2124, 4883, 30.31%, 0, 0, 0.00%, 0, 0, 0.00%, 0, 0, 0.00%, 

[Map3 Map3 Map3 Map3 ], 3500, 3500, False, 0.3, 1, 0.5, 30, 30, 2, 0.5, 1, , , run3_Map3_koh_withKohonen.txt, run3_Map3_q_withKohonen.txt, 775, 13233, 5.53%, 0, 0, 0.00%, 0, 0, 0.00%, 0, 0, 0.00%, 775, 13233, 5.53%, 0, 0, 0.00%, 0, 0, 0.00%, 
[Map3 Map3 Map3 Map3 ], 3500, 3500, False, 0.3, 1, 0.5, 30, 30, 2, 0.25, 1, run3_Map3_koh_withKohonen.txt, run3_Map3_q_withKohonen.txt, run3_Map3_koh_withKohonen.txt, run3_Map3_q_withKohonen.txt, 1686, 12322, 12.04%, 0, 0, 0.00%, 0, 0, 0.00%, 0, 0, 0.00%, 1686, 12322, 12.04%, 0, 0, 0.00%, 0, 0, 0.00%, 
[Map3 Map3 Map3 Map3 ], 3500, 3500, False, 0.2, 1, 0.3, 30, 30, 2, 0.25, 1, run3_Map3_koh_withKohonen.txt, run3_Map3_q_withKohonen.txt, run3_Map3_koh_withKohonen.txt, run3_Map3_q_withKohonen.txt, 2456, 11552, 17.53%, 0, 0, 0.00%, 0, 0, 0.00%, 0, 0, 0.00%, 2456, 11552, 17.53%, 0, 0, 0.00%, 0, 0, 0.00%, 
[Map3 Map3 Map3 Map3 ], 3500, 3500, False, 0.1, 1, 0.25, 30, 30, 2, 0.25, 1, run3_Map3_koh_withKohonen.txt, run3_Map3_q_withKohonen.txt, run3_Map3_koh_withKohonen.txt, run3_Map3_q_withKohonen.txt, 3329, 10678, 23.77%, 0, 0, 0.00%, 0, 0, 0.00%, 0, 0, 0.00%, 3329, 10678, 23.77%, 0, 0, 0.00%, 0, 0, 0.00%, 
[Map3 Map3 Map3 Map3 ], 1750, 0, False, 0.0001, 1, 0.01, 30, 30, 2, 0.25, 1, run3_Map3_koh_withKohonen.txt, run3_Map3_q_withKohonen.txt, run3_Map3_koh_withKohonen.txt, run3_Map3_q_withKohonen.txt, 1956, 5052, 27.91%, 0, 0, 0.00%, 0, 0, 0.00%, 0, 0, 0.00%, 1956, 5052, 27.91%, 0, 0, 0.00%, 0, 0, 0.00%, 

[Map4 Map4 Map4 Map4 ], 3500, 3500, False, 0.3, 1, 0.5, 30, 30, 2, 0.5, 1, , , run3_Map4_koh_withKohonen.txt, run3_Map4_q_withKohonen.txt, 1473, 12535, 10.52%, 0, 0, 0.00%, 0, 0, 0.00%, 0, 0, 0.00%, 0, 0, 0.00%, 1473, 12535, 10.52%, 0, 0, 0.00%, 
[Map4 Map4 Map4 Map4 ], 3500, 3500, False, 0.3, 1, 0.5, 30, 30, 2, 0.25, 1, run3_Map4_koh_withKohonen.txt, run3_Map4_q_withKohonen.txt, run3_Map4_koh_withKohonen.txt, run3_Map4_q_withKohonen.txt, 2671, 11337, 19.07%, 0, 0, 0.00%, 0, 0, 0.00%, 0, 0, 0.00%, 0, 0, 0.00%, 2671, 11337, 19.07%, 0, 0, 0.00%, 
[Map4 Map4 Map4 Map4 ], 3500, 3500, False, 0.2, 1, 0.3, 30, 30, 2, 0.25, 1, run3_Map4_koh_withKohonen.txt, run3_Map4_q_withKohonen.txt, run3_Map4_koh_withKohonen.txt, run3_Map4_q_withKohonen.txt, 4563, 9445, 32.57%, 0, 0, 0.00%, 0, 0, 0.00%, 0, 0, 0.00%, 0, 0, 0.00%, 4563, 9445, 32.57%, 0, 0, 0.00%, 
[Map4 Map4 Map4 Map4 ], 3500, 3500, False, 0.1, 1, 0.25, 30, 30, 2, 0.25, 1, run3_Map4_koh_withKohonen.txt, run3_Map4_q_withKohonen.txt, run3_Map4_koh_withKohonen.txt, run3_Map4_q_withKohonen.txt, 4084, 9924, 29.15%, 0, 0, 0.00%, 0, 0, 0.00%, 0, 0, 0.00%, 0, 0, 0.00%, 4084, 9924, 29.15%, 0, 0, 0.00%, 
[Map4 Map4 Map4 Map4 ], 1750, 0, False, 0.0001, 1, 0.01, 30, 30, 2, 0.25, 1, run3_Map4_koh_withKohonen.txt, run3_Map4_q_withKohonen.txt, run3_Map4_koh_withKohonen.txt, run3_Map4_q_withKohonen.txt, 4339, 2669, 61.91%, 0, 0, 0.00%, 0, 0, 0.00%, 0, 0, 0.00%, 0, 0, 0.00%, 4339, 2669, 61.91%, 0, 0, 0.00%, 

[Map5 Map5 Map5 Map5 ], 3500, 3500, False, 0.3, 1, 0.5, 30, 30, 2, 0.5, 1, , , run3_Map5_koh_withKohonen.txt, run3_Map5_q_withKohonen.txt, 291, 13717, 2.08%, 0, 0, 0.00%, 0, 0, 0.00%, 0, 0, 0.00%, 0, 0, 0.00%, 0, 0, 0.00%, 291, 13717, 2.08%, 
[Map5 Map5 Map5 Map5 ], 3500, 3500, False, 0.3, 1, 0.5, 30, 30, 2, 0.25, 1, run3_Map5_koh_withKohonen.txt, run3_Map5_q_withKohonen.txt, run3_Map5_koh_withKohonen.txt, run3_Map5_q_withKohonen.txt, 329, 13677, 2.35%, 0, 0, 0.00%, 0, 0, 0.00%, 0, 0, 0.00%, 0, 0, 0.00%, 0, 0, 0.00%, 329, 13677, 2.35%, 
[Map5 Map5 Map5 Map5 ], 3500, 3500, False, 0.2, 1, 0.3, 30, 30, 2, 0.25, 1, run3_Map5_koh_withKohonen.txt, run3_Map5_q_withKohonen.txt, run3_Map5_koh_withKohonen.txt, run3_Map5_q_withKohonen.txt, 1711, 12296, 12.22%, 0, 0, 0.00%, 0, 0, 0.00%, 0, 0, 0.00%, 0, 0, 0.00%, 0, 0, 0.00%, 1711, 12296, 12.22%, 
[Map5 Map5 Map5 Map5 ], 3500, 3500, False, 0.1, 1, 0.25, 30, 30, 2, 0.25, 1, run3_Map5_koh_withKohonen.txt, run3_Map5_q_withKohonen.txt, run3_Map5_koh_withKohonen.txt, run3_Map5_q_withKohonen.txt, 2813, 11192, 20.09%, 0, 0, 0.00%, 0, 0, 0.00%, 0, 0, 0.00%, 0, 0, 0.00%, 0, 0, 0.00%, 2813, 11192, 20.09%, 
[Map5 Map5 Map5 Map5 ], 1750, 0, False, 0.0001, 1, 0.01, 30, 30, 2, 0.25, 1, run3_Map5_koh_withKohonen.txt, run3_Map5_q_withKohonen.txt, run3_Map5_koh_withKohonen.txt, run3_Map5_q_withKohonen.txt, 1805, 5203, 25.76%, 0, 0, 0.00%, 0, 0, 0.00%, 0, 0, 0.00%, 0, 0, 0.00%, 0, 0, 0.00%, 1805, 5203, 25.76%, 

[Map Map Map Map ], 3500, 3500, False, 0.3, 1, 0.5, 30, 30, 2, 0.5, 1, , , run4_Map_koh_withoutKohonen.txt, run4_Map_q_withoutKohonen.txt, 183, 13823, 1.31%, 183, 13823, 1.31%, 0, 0, 0.00%, 0, 0, 0.00%, 0, 0, 0.00%, 0, 0, 0.00%, 0, 0, 0.00%, 
[Map Map Map Map ], 3500, 3500, False, 0.3, 1, 0.5, 30, 30, 2, 0.25, 1, run4_Map_koh_withoutKohonen.txt, run4_Map_q_withoutKohonen.txt, run4_Map_koh_withoutKohonen.txt, run4_Map_q_withoutKohonen.txt, 234, 13774, 1.67%, 234, 13774, 1.67%, 0, 0, 0.00%, 0, 0, 0.00%, 0, 0, 0.00%, 0, 0, 0.00%, 0, 0, 0.00%, 
[Map Map Map Map ], 3500, 0, False, 0.2, 1, 0.3, 30, 30, 2, 0.25, 1, run4_Map_koh_withoutKohonen.txt, run4_Map_q_withoutKohonen.txt, run4_Map_koh_withoutKohonen.txt, run4_Map_q_withoutKohonen.txt, 1066, 12942, 7.61%, 1066, 12942, 7.61%, 0, 0, 0.00%, 0, 0, 0.00%, 0, 0, 0.00%, 0, 0, 0.00%, 0, 0, 0.00%, 
[Map Map Map Map ], 3500, 0, False, 0.1, 1, 0.25, 30, 30, 2, 0.25, 1, run4_Map_koh_withoutKohonen.txt, run4_Map_q_withoutKohonen.txt, run4_Map_koh_withoutKohonen.txt, run4_Map_q_withoutKohonen.txt, 1723, 12284, 12.30%, 1723, 12284, 12.30%, 0, 0, 0.00%, 0, 0, 0.00%, 0, 0, 0.00%, 0, 0, 0.00%, 0, 0, 0.00%, 
[Map Map Map Map ], 1750, 0, False, 0.0001, 1, 0.01, 30, 30, 2, 0.25, 1, run4_Map_koh_withoutKohonen.txt, run4_Map_q_withoutKohonen.txt, run4_Map_koh_withoutKohonen.txt, run4_Map_q_withoutKohonen.txt, 2060, 4947, 29.40%, 2060, 4947, 29.40%, 0, 0, 0.00%, 0, 0, 0.00%, 0, 0, 0.00%, 0, 0, 0.00%, 0, 0, 0.00%, 

[Map1 Map1 Map1 Map1 ], 3500, 3500, False, 0.3, 1, 0.5, 30, 30, 2, 0.5, 1, , , run4_Map1_koh_withoutKohonen.txt, run4_Map1_q_withoutKohonen.txt, 1138, 12869, 8.12%, 0, 0, 0.00%, 1138, 12869, 8.12%, 0, 0, 0.00%, 0, 0, 0.00%, 0, 0, 0.00%, 0, 0, 0.00%, 
[Map1 Map1 Map1 Map1 ], 3500, 3500, False, 0.3, 1, 0.5, 30, 30, 2, 0.25, 1, run4_Map1_koh_withoutKohonen.txt, run4_Map1_q_withoutKohonen.txt, run4_Map1_koh_withoutKohonen.txt, run4_Map1_q_withoutKohonen.txt, 1239, 12768, 8.85%, 0, 0, 0.00%, 1239, 12768, 8.85%, 0, 0, 0.00%, 0, 0, 0.00%, 0, 0, 0.00%, 0, 0, 0.00%, 
[Map1 Map1 Map1 Map1 ], 3500, 0, False, 0.2, 1, 0.3, 30, 30, 2, 0.25, 1, run4_Map1_koh_withoutKohonen.txt, run4_Map1_q_withoutKohonen.txt, run4_Map1_koh_withoutKohonen.txt, run4_Map1_q_withoutKohonen.txt, 622, 13385, 4.44%, 0, 0, 0.00%, 622, 13385, 4.44%, 0, 0, 0.00%, 0, 0, 0.00%, 0, 0, 0.00%, 0, 0, 0.00%, 
[Map1 Map1 Map1 Map1 ], 3500, 0, False, 0.1, 1, 0.25, 30, 30, 2, 0.25, 1, run4_Map1_koh_withoutKohonen.txt, run4_Map1_q_withoutKohonen.txt, run4_Map1_koh_withoutKohonen.txt, run4_Map1_q_withoutKohonen.txt, 621, 13387, 4.43%, 0, 0, 0.00%, 621, 13387, 4.43%, 0, 0, 0.00%, 0, 0, 0.00%, 0, 0, 0.00%, 0, 0, 0.00%, 
[Map1 Map1 Map1 Map1 ], 1750, 0, False, 0.0001, 1, 0.01, 30, 30, 2, 0.25, 1, run4_Map1_koh_withoutKohonen.txt, run4_Map1_q_withoutKohonen.txt, run4_Map1_koh_withoutKohonen.txt, run4_Map1_q_withoutKohonen.txt, 0, 7006, 0.00%, 0, 0, 0.00%, 0, 7006, 0.00%, 0, 0, 0.00%, 0, 0, 0.00%, 0, 0, 0.00%, 0, 0, 0.00%, 

[Map2 Map2 Map2 Map2 ], 3500, 3500, False, 0.3, 1, 0.5, 30, 30, 2, 0.5, 1, , , run4_Map2_koh_withoutKohonen.txt, run4_Map2_q_withoutKohonen.txt, 2001, 12004, 14.29%, 0, 0, 0.00%, 0, 0, 0.00%, 2001, 12004, 14.29%, 0, 0, 0.00%, 0, 0, 0.00%, 0, 0, 0.00%, 
[Map2 Map2 Map2 Map2 ], 3500, 3500, False, 0.3, 1, 0.5, 30, 30, 2, 0.25, 1, run4_Map2_koh_withoutKohonen.txt, run4_Map2_q_withoutKohonen.txt, run4_Map2_koh_withoutKohonen.txt, run4_Map2_q_withoutKohonen.txt, 3757, 10251, 26.82%, 0, 0, 0.00%, 0, 0, 0.00%, 3757, 10251, 26.82%, 0, 0, 0.00%, 0, 0, 0.00%, 0, 0, 0.00%, 
[Map2 Map2 Map2 Map2 ], 3500, 0, False, 0.2, 1, 0.3, 30, 30, 2, 0.25, 1, run4_Map2_koh_withoutKohonen.txt, run4_Map2_q_withoutKohonen.txt, run4_Map2_koh_withoutKohonen.txt, run4_Map2_q_withoutKohonen.txt, 4879, 9128, 34.83%, 0, 0, 0.00%, 0, 0, 0.00%, 4879, 9128, 34.83%, 0, 0, 0.00%, 0, 0, 0.00%, 0, 0, 0.00%, 
[Map2 Map2 Map2 Map2 ], 3500, 0, False, 0.1, 1, 0.25, 30, 30, 2, 0.25, 1, run4_Map2_koh_withoutKohonen.txt, run4_Map2_q_withoutKohonen.txt, run4_Map2_koh_withoutKohonen.txt, run4_Map2_q_withoutKohonen.txt, 6424, 7581, 45.87%, 0, 0, 0.00%, 0, 0, 0.00%, 6424, 7581, 45.87%, 0, 0, 0.00%, 0, 0, 0.00%, 0, 0, 0.00%, 
[Map2 Map2 Map2 Map2 ], 1750, 0, False, 0.0001, 1, 0.01, 30, 30, 2, 0.25, 1, run4_Map2_koh_withoutKohonen.txt, run4_Map2_q_withoutKohonen.txt, run4_Map2_koh_withoutKohonen.txt, run4_Map2_q_withoutKohonen.txt, 4691, 2314, 66.97%, 0, 0, 0.00%, 0, 0, 0.00%, 4691, 2314, 66.97%, 0, 0, 0.00%, 0, 0, 0.00%, 0, 0, 0.00%, 

