[Map Map Map Map ], 5000, 5000, False, 0.3, 1, 0.5, 60, 60, 2, 0.5, 1, , , run1_cosDist_Map_koh_withoutKohonen_kohSize60.txt, run1_cosDist_Map_q_withoutKohonen_kohSize60.txt, 217, 19791, 1.08%, 217, 19791, 1.08%, 0, 0, 0.00%, 0, 0, 0.00%, 0, 0, 0.00%, 0, 0, 0.00%, 0, 0, 0.00%, 
[Map Map Map Map ], 5000, 5000, False, 0.3, 1, 0.5, 60, 60, 2, 0.25, 1, run1_cosDist_Map_koh_withoutKohonen_kohSize60.txt, run1_cosDist_Map_q_withoutKohonen_kohSize60.txt, run1_cosDist_Map_koh_withoutKohonen_kohSize60.txt, run1_cosDist_Map_q_withoutKohonen_kohSize60.txt, 280, 19728, 1.40%, 280, 19728, 1.40%, 0, 0, 0.00%, 0, 0, 0.00%, 0, 0, 0.00%, 0, 0, 0.00%, 0, 0, 0.00%, 
[Map Map Map Map ], 5000, 0, False, 0.2, 1, 0.3, 60, 60, 2, 0.25, 1, run1_cosDist_Map_koh_withoutKohonen_kohSize60.txt, run1_cosDist_Map_q_withoutKohonen_kohSize60.txt, run1_cosDist_Map_koh_withoutKohonen_kohSize60.txt, run1_cosDist_Map_q_withoutKohonen_kohSize60.txt, 543, 19464, 2.71%, 543, 19464, 2.71%, 0, 0, 0.00%, 0, 0, 0.00%, 0, 0, 0.00%, 0, 0, 0.00%, 0, 0, 0.00%, 
[Map Map Map Map ], 5000, 0, False, 0.1, 1, 0.25, 60, 60, 2, 0.25, 1, run1_cosDist_Map_koh_withoutKohonen_kohSize60.txt, run1_cosDist_Map_q_withoutKohonen_kohSize60.txt, run1_cosDist_Map_koh_withoutKohonen_kohSize60.txt, run1_cosDist_Map_q_withoutKohonen_kohSize60.txt, 640, 19368, 3.20%, 640, 19368, 3.20%, 0, 0, 0.00%, 0, 0, 0.00%, 0, 0, 0.00%, 0, 0, 0.00%, 0, 0, 0.00%, 
[Map Map Map Map ], 2500, 0, False, 0.0001, 1, 0.01, 60, 60, 2, 0.25, 1, run1_cosDist_Map_koh_withoutKohonen_kohSize60.txt, run1_cosDist_Map_q_withoutKohonen_kohSize60.txt, run1_cosDist_Map_koh_withoutKohonen_kohSize60.txt, run1_cosDist_Map_q_withoutKohonen_kohSize60.txt, 511, 9497, 5.11%, 511, 9497, 5.11%, 0, 0, 0.00%, 0, 0, 0.00%, 0, 0, 0.00%, 0, 0, 0.00%, 0, 0, 0.00%, 

[Map1 Map1 Map1 Map1 ], 5000, 5000, False, 0.3, 1, 0.5, 60, 60, 2, 0.5, 1, , , run1_cosDist_Map1_koh_withoutKohonen_kohSize60.txt, run1_cosDist_Map1_q_withoutKohonen_kohSize60.txt, 2024, 17983, 10.12%, 0, 0, 0.00%, 2024, 17983, 10.12%, 0, 0, 0.00%, 0, 0, 0.00%, 0, 0, 0.00%, 0, 0, 0.00%, 
[Map1 Map1 Map1 Map1 ], 5000, 5000, False, 0.3, 1, 0.5, 60, 60, 2, 0.25, 1, run1_cosDist_Map1_koh_withoutKohonen_kohSize60.txt, run1_cosDist_Map1_q_withoutKohonen_kohSize60.txt, run1_cosDist_Map1_koh_withoutKohonen_kohSize60.txt, run1_cosDist_Map1_q_withoutKohonen_kohSize60.txt, 2277, 17728, 11.38%, 0, 0, 0.00%, 2277, 17728, 11.38%, 0, 0, 0.00%, 0, 0, 0.00%, 0, 0, 0.00%, 0, 0, 0.00%, 
[Map1 Map1 Map1 Map1 ], 5000, 0, False, 0.2, 1, 0.3, 60, 60, 2, 0.25, 1, run1_cosDist_Map1_koh_withoutKohonen_kohSize60.txt, run1_cosDist_Map1_q_withoutKohonen_kohSize60.txt, run1_cosDist_Map1_koh_withoutKohonen_kohSize60.txt, run1_cosDist_Map1_q_withoutKohonen_kohSize60.txt, 3917, 16090, 19.58%, 0, 0, 0.00%, 3917, 16090, 19.58%, 0, 0, 0.00%, 0, 0, 0.00%, 0, 0, 0.00%, 0, 0, 0.00%, 
[Map1 Map1 Map1 Map1 ], 5000, 0, False, 0.1, 1, 0.25, 60, 60, 2, 0.25, 1, run1_cosDist_Map1_koh_withoutKohonen_kohSize60.txt, run1_cosDist_Map1_q_withoutKohonen_kohSize60.txt, run1_cosDist_Map1_koh_withoutKohonen_kohSize60.txt, run1_cosDist_Map1_q_withoutKohonen_kohSize60.txt, 4973, 15034, 24.86%, 0, 0, 0.00%, 4973, 15034, 24.86%, 0, 0, 0.00%, 0, 0, 0.00%, 0, 0, 0.00%, 0, 0, 0.00%, 
[Map1 Map1 Map1 Map1 ], 2500, 0, False, 0.0001, 1, 0.01, 60, 60, 2, 0.25, 1, run1_cosDist_Map1_koh_withoutKohonen_kohSize60.txt, run1_cosDist_Map1_q_withoutKohonen_kohSize60.txt, run1_cosDist_Map1_koh_withoutKohonen_kohSize60.txt, run1_cosDist_Map1_q_withoutKohonen_kohSize60.txt, 4655, 5350, 46.53%, 0, 0, 0.00%, 4655, 5350, 46.53%, 0, 0, 0.00%, 0, 0, 0.00%, 0, 0, 0.00%, 0, 0, 0.00%, 

[Map2 Map2 Map2 Map2 ], 5000, 5000, False, 0.3, 1, 0.5, 60, 60, 2, 0.5, 1, , , run1_cosDist_Map2_koh_withoutKohonen_kohSize60.txt, run1_cosDist_Map2_q_withoutKohonen_kohSize60.txt, 1255, 18752, 6.27%, 0, 0, 0.00%, 0, 0, 0.00%, 1255, 18752, 6.27%, 0, 0, 0.00%, 0, 0, 0.00%, 0, 0, 0.00%, 
[Map2 Map2 Map2 Map2 ], 5000, 5000, False, 0.3, 1, 0.5, 60, 60, 2, 0.25, 1, run1_cosDist_Map2_koh_withoutKohonen_kohSize60.txt, run1_cosDist_Map2_q_withoutKohonen_kohSize60.txt, run1_cosDist_Map2_koh_withoutKohonen_kohSize60.txt, run1_cosDist_Map2_q_withoutKohonen_kohSize60.txt, 1507, 18500, 7.53%, 0, 0, 0.00%, 0, 0, 0.00%, 1507, 18500, 7.53%, 0, 0, 0.00%, 0, 0, 0.00%, 0, 0, 0.00%, 
[Map2 Map2 Map2 Map2 ], 5000, 0, False, 0.2, 1, 0.3, 60, 60, 2, 0.25, 1, run1_cosDist_Map2_koh_withoutKohonen_kohSize60.txt, run1_cosDist_Map2_q_withoutKohonen_kohSize60.txt, run1_cosDist_Map2_koh_withoutKohonen_kohSize60.txt, run1_cosDist_Map2_q_withoutKohonen_kohSize60.txt, 2742, 17266, 13.70%, 0, 0, 0.00%, 0, 0, 0.00%, 2742, 17266, 13.70%, 0, 0, 0.00%, 0, 0, 0.00%, 0, 0, 0.00%, 
[Map2 Map2 Map2 Map2 ], 5000, 0, False, 0.1, 1, 0.25, 60, 60, 2, 0.25, 1, run1_cosDist_Map2_koh_withoutKohonen_kohSize60.txt, run1_cosDist_Map2_q_withoutKohonen_kohSize60.txt, run1_cosDist_Map2_koh_withoutKohonen_kohSize60.txt, run1_cosDist_Map2_q_withoutKohonen_kohSize60.txt, 3612, 16395, 18.05%, 0, 0, 0.00%, 0, 0, 0.00%, 3612, 16395, 18.05%, 0, 0, 0.00%, 0, 0, 0.00%, 0, 0, 0.00%, 
[Map2 Map2 Map2 Map2 ], 2500, 0, False, 0.0001, 1, 0.01, 60, 60, 2, 0.25, 1, run1_cosDist_Map2_koh_withoutKohonen_kohSize60.txt, run1_cosDist_Map2_q_withoutKohonen_kohSize60.txt, run1_cosDist_Map2_koh_withoutKohonen_kohSize60.txt, run1_cosDist_Map2_q_withoutKohonen_kohSize60.txt, 3805, 6201, 38.03%, 0, 0, 0.00%, 0, 0, 0.00%, 3805, 6201, 38.03%, 0, 0, 0.00%, 0, 0, 0.00%, 0, 0, 0.00%, 

[Map3 Map3 Map3 Map3 ], 5000, 5000, False, 0.3, 1, 0.5, 60, 60, 2, 0.5, 1, , , run1_cosDist_Map3_koh_withoutKohonen_kohSize60.txt, run1_cosDist_Map3_q_withoutKohonen_kohSize60.txt, 668, 19338, 3.34%, 0, 0, 0.00%, 0, 0, 0.00%, 0, 0, 0.00%, 668, 19338, 3.34%, 0, 0, 0.00%, 0, 0, 0.00%, 
[Map3 Map3 Map3 Map3 ], 5000, 5000, False, 0.3, 1, 0.5, 60, 60, 2, 0.25, 1, run1_cosDist_Map3_koh_withoutKohonen_kohSize60.txt, run1_cosDist_Map3_q_withoutKohonen_kohSize60.txt, run1_cosDist_Map3_koh_withoutKohonen_kohSize60.txt, run1_cosDist_Map3_q_withoutKohonen_kohSize60.txt, 823, 19184, 4.11%, 0, 0, 0.00%, 0, 0, 0.00%, 0, 0, 0.00%, 823, 19184, 4.11%, 0, 0, 0.00%, 0, 0, 0.00%, 
[Map3 Map3 Map3 Map3 ], 5000, 0, False, 0.2, 1, 0.3, 60, 60, 2, 0.25, 1, run1_cosDist_Map3_koh_withoutKohonen_kohSize60.txt, run1_cosDist_Map3_q_withoutKohonen_kohSize60.txt, run1_cosDist_Map3_koh_withoutKohonen_kohSize60.txt, run1_cosDist_Map3_q_withoutKohonen_kohSize60.txt, 1923, 18085, 9.61%, 0, 0, 0.00%, 0, 0, 0.00%, 0, 0, 0.00%, 1923, 18085, 9.61%, 0, 0, 0.00%, 0, 0, 0.00%, 
[Map3 Map3 Map3 Map3 ], 5000, 0, False, 0.1, 1, 0.25, 60, 60, 2, 0.25, 1, run1_cosDist_Map3_koh_withoutKohonen_kohSize60.txt, run1_cosDist_Map3_q_withoutKohonen_kohSize60.txt, run1_cosDist_Map3_koh_withoutKohonen_kohSize60.txt, run1_cosDist_Map3_q_withoutKohonen_kohSize60.txt, 2685, 17322, 13.42%, 0, 0, 0.00%, 0, 0, 0.00%, 0, 0, 0.00%, 2685, 17322, 13.42%, 0, 0, 0.00%, 0, 0, 0.00%, 
[Map3 Map3 Map3 Map3 ], 2500, 0, False, 0.0001, 1, 0.01, 60, 60, 2, 0.25, 1, run1_cosDist_Map3_koh_withoutKohonen_kohSize60.txt, run1_cosDist_Map3_q_withoutKohonen_kohSize60.txt, run1_cosDist_Map3_koh_withoutKohonen_kohSize60.txt, run1_cosDist_Map3_q_withoutKohonen_kohSize60.txt, 238, 9770, 2.38%, 0, 0, 0.00%, 0, 0, 0.00%, 0, 0, 0.00%, 238, 9770, 2.38%, 0, 0, 0.00%, 0, 0, 0.00%, 

[Map4 Map4 Map4 Map4 ], 5000, 5000, False, 0.3, 1, 0.5, 60, 60, 2, 0.5, 1, , , run1_cosDist_Map4_koh_withoutKohonen_kohSize60.txt, run1_cosDist_Map4_q_withoutKohonen_kohSize60.txt, 2123, 17885, 10.61%, 0, 0, 0.00%, 0, 0, 0.00%, 0, 0, 0.00%, 0, 0, 0.00%, 2123, 17885, 10.61%, 0, 0, 0.00%, 
[Map4 Map4 Map4 Map4 ], 5000, 5000, False, 0.3, 1, 0.5, 60, 60, 2, 0.25, 1, run1_cosDist_Map4_koh_withoutKohonen_kohSize60.txt, run1_cosDist_Map4_q_withoutKohonen_kohSize60.txt, run1_cosDist_Map4_koh_withoutKohonen_kohSize60.txt, run1_cosDist_Map4_q_withoutKohonen_kohSize60.txt, 2386, 17622, 11.93%, 0, 0, 0.00%, 0, 0, 0.00%, 0, 0, 0.00%, 0, 0, 0.00%, 2386, 17622, 11.93%, 0, 0, 0.00%, 
[Map4 Map4 Map4 Map4 ], 5000, 0, False, 0.2, 1, 0.3, 60, 60, 2, 0.25, 1, run1_cosDist_Map4_koh_withoutKohonen_kohSize60.txt, run1_cosDist_Map4_q_withoutKohonen_kohSize60.txt, run1_cosDist_Map4_koh_withoutKohonen_kohSize60.txt, run1_cosDist_Map4_q_withoutKohonen_kohSize60.txt, 3608, 16400, 18.03%, 0, 0, 0.00%, 0, 0, 0.00%, 0, 0, 0.00%, 0, 0, 0.00%, 3608, 16400, 18.03%, 0, 0, 0.00%, 
[Map4 Map4 Map4 Map4 ], 5000, 0, False, 0.1, 1, 0.25, 60, 60, 2, 0.25, 1, run1_cosDist_Map4_koh_withoutKohonen_kohSize60.txt, run1_cosDist_Map4_q_withoutKohonen_kohSize60.txt, run1_cosDist_Map4_koh_withoutKohonen_kohSize60.txt, run1_cosDist_Map4_q_withoutKohonen_kohSize60.txt, 4486, 15521, 22.42%, 0, 0, 0.00%, 0, 0, 0.00%, 0, 0, 0.00%, 0, 0, 0.00%, 4486, 15521, 22.42%, 0, 0, 0.00%, 
[Map4 Map4 Map4 Map4 ], 2500, 0, False, 0.0001, 1, 0.01, 60, 60, 2, 0.25, 1, run1_cosDist_Map4_koh_withoutKohonen_kohSize60.txt, run1_cosDist_Map4_q_withoutKohonen_kohSize60.txt, run1_cosDist_Map4_koh_withoutKohonen_kohSize60.txt, run1_cosDist_Map4_q_withoutKohonen_kohSize60.txt, 2456, 7552, 24.54%, 0, 0, 0.00%, 0, 0, 0.00%, 0, 0, 0.00%, 0, 0, 0.00%, 2456, 7552, 24.54%, 0, 0, 0.00%, 

[Map5 Map5 Map5 Map5 ], 5000, 5000, False, 0.3, 1, 0.5, 60, 60, 2, 0.5, 1, , , run1_cosDist_Map5_koh_withoutKohonen_kohSize60.txt, run1_cosDist_Map5_q_withoutKohonen_kohSize60.txt, 360, 19648, 1.80%, 0, 0, 0.00%, 0, 0, 0.00%, 0, 0, 0.00%, 0, 0, 0.00%, 0, 0, 0.00%, 360, 19648, 1.80%, 
[Map5 Map5 Map5 Map5 ], 5000, 5000, False, 0.3, 1, 0.5, 60, 60, 2, 0.25, 1, run1_cosDist_Map5_koh_withoutKohonen_kohSize60.txt, run1_cosDist_Map5_q_withoutKohonen_kohSize60.txt, run1_cosDist_Map5_koh_withoutKohonen_kohSize60.txt, run1_cosDist_Map5_q_withoutKohonen_kohSize60.txt, 444, 19564, 2.22%, 0, 0, 0.00%, 0, 0, 0.00%, 0, 0, 0.00%, 0, 0, 0.00%, 0, 0, 0.00%, 444, 19564, 2.22%, 
[Map5 Map5 Map5 Map5 ], 5000, 0, False, 0.2, 1, 0.3, 60, 60, 2, 0.25, 1, run1_cosDist_Map5_koh_withoutKohonen_kohSize60.txt, run1_cosDist_Map5_q_withoutKohonen_kohSize60.txt, run1_cosDist_Map5_koh_withoutKohonen_kohSize60.txt, run1_cosDist_Map5_q_withoutKohonen_kohSize60.txt, 743, 19265, 3.71%, 0, 0, 0.00%, 0, 0, 0.00%, 0, 0, 0.00%, 0, 0, 0.00%, 0, 0, 0.00%, 743, 19265, 3.71%, 
[Map5 Map5 Map5 Map5 ], 5000, 0, False, 0.1, 1, 0.25, 60, 60, 2, 0.25, 1, run1_cosDist_Map5_koh_withoutKohonen_kohSize60.txt, run1_cosDist_Map5_q_withoutKohonen_kohSize60.txt, run1_cosDist_Map5_koh_withoutKohonen_kohSize60.txt, run1_cosDist_Map5_q_withoutKohonen_kohSize60.txt, 730, 19278, 3.65%, 0, 0, 0.00%, 0, 0, 0.00%, 0, 0, 0.00%, 0, 0, 0.00%, 0, 0, 0.00%, 730, 19278, 3.65%, 
[Map5 Map5 Map5 Map5 ], 2500, 0, False, 0.0001, 1, 0.01, 60, 60, 2, 0.25, 1, run1_cosDist_Map5_koh_withoutKohonen_kohSize60.txt, run1_cosDist_Map5_q_withoutKohonen_kohSize60.txt, run1_cosDist_Map5_koh_withoutKohonen_kohSize60.txt, run1_cosDist_Map5_q_withoutKohonen_kohSize60.txt, 0, 10007, 0.00%, 0, 0, 0.00%, 0, 0, 0.00%, 0, 0, 0.00%, 0, 0, 0.00%, 0, 0, 0.00%, 0, 10007, 0.00%, 

[Map Map Map Map ], 5000, 5000, False, 0.3, 1, 0.5, 60, 60, 2, 0.5, 1, , , run1_cosDist_Map_koh_withKohonen_kohSize60.txt, run1_cosDist_Map_q_withKohonen_kohSize60.txt, 234, 19774, 1.17%, 234, 19774, 1.17%, 0, 0, 0.00%, 0, 0, 0.00%, 0, 0, 0.00%, 0, 0, 0.00%, 0, 0, 0.00%, 
[Map Map Map Map ], 5000, 5000, False, 0.3, 1, 0.5, 60, 60, 2, 0.25, 1, run1_cosDist_Map_koh_withKohonen_kohSize60.txt, run1_cosDist_Map_q_withKohonen_kohSize60.txt, run1_cosDist_Map_koh_withKohonen_kohSize60.txt, run1_cosDist_Map_q_withKohonen_kohSize60.txt, 265, 19743, 1.32%, 265, 19743, 1.32%, 0, 0, 0.00%, 0, 0, 0.00%, 0, 0, 0.00%, 0, 0, 0.00%, 0, 0, 0.00%, 
[Map Map Map Map ], 5000, 5000, False, 0.2, 1, 0.3, 60, 60, 2, 0.25, 1, run1_cosDist_Map_koh_withKohonen_kohSize60.txt, run1_cosDist_Map_q_withKohonen_kohSize60.txt, run1_cosDist_Map_koh_withKohonen_kohSize60.txt, run1_cosDist_Map_q_withKohonen_kohSize60.txt, 541, 19466, 2.70%, 541, 19466, 2.70%, 0, 0, 0.00%, 0, 0, 0.00%, 0, 0, 0.00%, 0, 0, 0.00%, 0, 0, 0.00%, 
[Map Map Map Map ], 5000, 5000, False, 0.1, 1, 0.25, 60, 60, 2, 0.25, 1, run1_cosDist_Map_koh_withKohonen_kohSize60.txt, run1_cosDist_Map_q_withKohonen_kohSize60.txt, run1_cosDist_Map_koh_withKohonen_kohSize60.txt, run1_cosDist_Map_q_withKohonen_kohSize60.txt, 614, 19394, 3.07%, 614, 19394, 3.07%, 0, 0, 0.00%, 0, 0, 0.00%, 0, 0, 0.00%, 0, 0, 0.00%, 0, 0, 0.00%, 
[Map Map Map Map ], 2500, 0, False, 0.0001, 1, 0.01, 60, 60, 2, 0.25, 1, run1_cosDist_Map_koh_withKohonen_kohSize60.txt, run1_cosDist_Map_q_withKohonen_kohSize60.txt, run1_cosDist_Map_koh_withKohonen_kohSize60.txt, run1_cosDist_Map_q_withKohonen_kohSize60.txt, 293, 9714, 2.93%, 293, 9714, 2.93%, 0, 0, 0.00%, 0, 0, 0.00%, 0, 0, 0.00%, 0, 0, 0.00%, 0, 0, 0.00%, 

[Map1 Map1 Map1 Map1 ], 5000, 5000, False, 0.3, 1, 0.5, 60, 60, 2, 0.5, 1, , , run1_cosDist_Map1_koh_withKohonen_kohSize60.txt, run1_cosDist_Map1_q_withKohonen_kohSize60.txt, 2034, 17972, 10.17%, 0, 0, 0.00%, 2034, 17972, 10.17%, 0, 0, 0.00%, 0, 0, 0.00%, 0, 0, 0.00%, 0, 0, 0.00%, 
[Map1 Map1 Map1 Map1 ], 5000, 5000, False, 0.3, 1, 0.5, 60, 60, 2, 0.25, 1, run1_cosDist_Map1_koh_withKohonen_kohSize60.txt, run1_cosDist_Map1_q_withKohonen_kohSize60.txt, run1_cosDist_Map1_koh_withKohonen_kohSize60.txt, run1_cosDist_Map1_q_withKohonen_kohSize60.txt, 2279, 17729, 11.39%, 0, 0, 0.00%, 2279, 17729, 11.39%, 0, 0, 0.00%, 0, 0, 0.00%, 0, 0, 0.00%, 0, 0, 0.00%, 
[Map1 Map1 Map1 Map1 ], 5000, 5000, False, 0.2, 1, 0.3, 60, 60, 2, 0.25, 1, run1_cosDist_Map1_koh_withKohonen_kohSize60.txt, run1_cosDist_Map1_q_withKohonen_kohSize60.txt, run1_cosDist_Map1_koh_withKohonen_kohSize60.txt, run1_cosDist_Map1_q_withKohonen_kohSize60.txt, 3875, 16131, 19.37%, 0, 0, 0.00%, 3875, 16131, 19.37%, 0, 0, 0.00%, 0, 0, 0.00%, 0, 0, 0.00%, 0, 0, 0.00%, 
[Map1 Map1 Map1 Map1 ], 5000, 5000, False, 0.1, 1, 0.25, 60, 60, 2, 0.25, 1, run1_cosDist_Map1_koh_withKohonen_kohSize60.txt, run1_cosDist_Map1_q_withKohonen_kohSize60.txt, run1_cosDist_Map1_koh_withKohonen_kohSize60.txt, run1_cosDist_Map1_q_withKohonen_kohSize60.txt, 4341, 15665, 21.70%, 0, 0, 0.00%, 4341, 15665, 21.70%, 0, 0, 0.00%, 0, 0, 0.00%, 0, 0, 0.00%, 0, 0, 0.00%, 
[Map1 Map1 Map1 Map1 ], 2500, 0, False, 0.0001, 1, 0.01, 60, 60, 2, 0.25, 1, run1_cosDist_Map1_koh_withKohonen_kohSize60.txt, run1_cosDist_Map1_q_withKohonen_kohSize60.txt, run1_cosDist_Map1_koh_withKohonen_kohSize60.txt, run1_cosDist_Map1_q_withKohonen_kohSize60.txt, 3783, 6223, 37.81%, 0, 0, 0.00%, 3783, 6223, 37.81%, 0, 0, 0.00%, 0, 0, 0.00%, 0, 0, 0.00%, 0, 0, 0.00%, 

[Map2 Map2 Map2 Map2 ], 5000, 5000, False, 0.3, 1, 0.5, 60, 60, 2, 0.5, 1, , , run1_cosDist_Map2_koh_withKohonen_kohSize60.txt, run1_cosDist_Map2_q_withKohonen_kohSize60.txt, 1329, 18678, 6.64%, 0, 0, 0.00%, 0, 0, 0.00%, 1329, 18678, 6.64%, 0, 0, 0.00%, 0, 0, 0.00%, 0, 0, 0.00%, 
[Map2 Map2 Map2 Map2 ], 5000, 5000, False, 0.3, 1, 0.5, 60, 60, 2, 0.25, 1, run1_cosDist_Map2_koh_withKohonen_kohSize60.txt, run1_cosDist_Map2_q_withKohonen_kohSize60.txt, run1_cosDist_Map2_koh_withKohonen_kohSize60.txt, run1_cosDist_Map2_q_withKohonen_kohSize60.txt, 1528, 18478, 7.64%, 0, 0, 0.00%, 0, 0, 0.00%, 1528, 18478, 7.64%, 0, 0, 0.00%, 0, 0, 0.00%, 0, 0, 0.00%, 
[Map2 Map2 Map2 Map2 ], 5000, 5000, False, 0.2, 1, 0.3, 60, 60, 2, 0.25, 1, run1_cosDist_Map2_koh_withKohonen_kohSize60.txt, run1_cosDist_Map2_q_withKohonen_kohSize60.txt, run1_cosDist_Map2_koh_withKohonen_kohSize60.txt, run1_cosDist_Map2_q_withKohonen_kohSize60.txt, 2166, 17840, 10.83%, 0, 0, 0.00%, 0, 0, 0.00%, 2166, 17840, 10.83%, 0, 0, 0.00%, 0, 0, 0.00%, 0, 0, 0.00%, 
[Map2 Map2 Map2 Map2 ], 5000, 5000, False, 0.1, 1, 0.25, 60, 60, 2, 0.25, 1, run1_cosDist_Map2_koh_withKohonen_kohSize60.txt, run1_cosDist_Map2_q_withKohonen_kohSize60.txt, run1_cosDist_Map2_koh_withKohonen_kohSize60.txt, run1_cosDist_Map2_q_withKohonen_kohSize60.txt, 2726, 17281, 13.63%, 0, 0, 0.00%, 0, 0, 0.00%, 2726, 17281, 13.63%, 0, 0, 0.00%, 0, 0, 0.00%, 0, 0, 0.00%, 
[Map2 Map2 Map2 Map2 ], 2500, 0, False, 0.0001, 1, 0.01, 60, 60, 2, 0.25, 1, run1_cosDist_Map2_koh_withKohonen_kohSize60.txt, run1_cosDist_Map2_q_withKohonen_kohSize60.txt, run1_cosDist_Map2_koh_withKohonen_kohSize60.txt, run1_cosDist_Map2_q_withKohonen_kohSize60.txt, 887, 9117, 8.87%, 0, 0, 0.00%, 0, 0, 0.00%, 887, 9117, 8.87%, 0, 0, 0.00%, 0, 0, 0.00%, 0, 0, 0.00%, 

[Map3 Map3 Map3 Map3 ], 5000, 5000, False, 0.3, 1, 0.5, 60, 60, 2, 0.5, 1, , , run1_cosDist_Map3_koh_withKohonen_kohSize60.txt, run1_cosDist_Map3_q_withKohonen_kohSize60.txt, 677, 19330, 3.38%, 0, 0, 0.00%, 0, 0, 0.00%, 0, 0, 0.00%, 677, 19330, 3.38%, 0, 0, 0.00%, 0, 0, 0.00%, 
[Map3 Map3 Map3 Map3 ], 5000, 5000, False, 0.3, 1, 0.5, 60, 60, 2, 0.25, 1, run1_cosDist_Map3_koh_withKohonen_kohSize60.txt, run1_cosDist_Map3_q_withKohonen_kohSize60.txt, run1_cosDist_Map3_koh_withKohonen_kohSize60.txt, run1_cosDist_Map3_q_withKohonen_kohSize60.txt, 833, 19175, 4.16%, 0, 0, 0.00%, 0, 0, 0.00%, 0, 0, 0.00%, 833, 19175, 4.16%, 0, 0, 0.00%, 0, 0, 0.00%, 
[Map3 Map3 Map3 Map3 ], 5000, 5000, False, 0.2, 1, 0.3, 60, 60, 2, 0.25, 1, run1_cosDist_Map3_koh_withKohonen_kohSize60.txt, run1_cosDist_Map3_q_withKohonen_kohSize60.txt, run1_cosDist_Map3_koh_withKohonen_kohSize60.txt, run1_cosDist_Map3_q_withKohonen_kohSize60.txt, 1070, 18938, 5.35%, 0, 0, 0.00%, 0, 0, 0.00%, 0, 0, 0.00%, 1070, 18938, 5.35%, 0, 0, 0.00%, 0, 0, 0.00%, 
[Map3 Map3 Map3 Map3 ], 5000, 5000, False, 0.1, 1, 0.25, 60, 60, 2, 0.25, 1, run1_cosDist_Map3_koh_withKohonen_kohSize60.txt, run1_cosDist_Map3_q_withKohonen_kohSize60.txt, run1_cosDist_Map3_koh_withKohonen_kohSize60.txt, run1_cosDist_Map3_q_withKohonen_kohSize60.txt, 1748, 18257, 8.74%, 0, 0, 0.00%, 0, 0, 0.00%, 0, 0, 0.00%, 1748, 18257, 8.74%, 0, 0, 0.00%, 0, 0, 0.00%, 
[Map3 Map3 Map3 Map3 ], 2500, 0, False, 0.0001, 1, 0.01, 60, 60, 2, 0.25, 1, run1_cosDist_Map3_koh_withKohonen_kohSize60.txt, run1_cosDist_Map3_q_withKohonen_kohSize60.txt, run1_cosDist_Map3_koh_withKohonen_kohSize60.txt, run1_cosDist_Map3_q_withKohonen_kohSize60.txt, 2380, 7627, 23.78%, 0, 0, 0.00%, 0, 0, 0.00%, 0, 0, 0.00%, 2380, 7627, 23.78%, 0, 0, 0.00%, 0, 0, 0.00%, 

[Map4 Map4 Map4 Map4 ], 5000, 5000, False, 0.3, 1, 0.5, 60, 60, 2, 0.5, 1, , , run1_cosDist_Map4_koh_withKohonen_kohSize60.txt, run1_cosDist_Map4_q_withKohonen_kohSize60.txt, 2002, 18006, 10.01%, 0, 0, 0.00%, 0, 0, 0.00%, 0, 0, 0.00%, 0, 0, 0.00%, 2002, 18006, 10.01%, 0, 0, 0.00%, 
[Map4 Map4 Map4 Map4 ], 5000, 5000, False, 0.3, 1, 0.5, 60, 60, 2, 0.25, 1, run1_cosDist_Map4_koh_withKohonen_kohSize60.txt, run1_cosDist_Map4_q_withKohonen_kohSize60.txt, run1_cosDist_Map4_koh_withKohonen_kohSize60.txt, run1_cosDist_Map4_q_withKohonen_kohSize60.txt, 2443, 17565, 12.21%, 0, 0, 0.00%, 0, 0, 0.00%, 0, 0, 0.00%, 0, 0, 0.00%, 2443, 17565, 12.21%, 0, 0, 0.00%, 
[Map4 Map4 Map4 Map4 ], 5000, 5000, False, 0.2, 1, 0.3, 60, 60, 2, 0.25, 1, run1_cosDist_Map4_koh_withKohonen_kohSize60.txt, run1_cosDist_Map4_q_withKohonen_kohSize60.txt, run1_cosDist_Map4_koh_withKohonen_kohSize60.txt, run1_cosDist_Map4_q_withKohonen_kohSize60.txt, 3615, 16393, 18.07%, 0, 0, 0.00%, 0, 0, 0.00%, 0, 0, 0.00%, 0, 0, 0.00%, 3615, 16393, 18.07%, 0, 0, 0.00%, 
[Map4 Map4 Map4 Map4 ], 5000, 5000, False, 0.1, 1, 0.25, 60, 60, 2, 0.25, 1, run1_cosDist_Map4_koh_withKohonen_kohSize60.txt, run1_cosDist_Map4_q_withKohonen_kohSize60.txt, run1_cosDist_Map4_koh_withKohonen_kohSize60.txt, run1_cosDist_Map4_q_withKohonen_kohSize60.txt, 4102, 15906, 20.50%, 0, 0, 0.00%, 0, 0, 0.00%, 0, 0, 0.00%, 0, 0, 0.00%, 4102, 15906, 20.50%, 0, 0, 0.00%, 
[Map4 Map4 Map4 Map4 ], 2500, 0, False, 0.0001, 1, 0.01, 60, 60, 2, 0.25, 1, run1_cosDist_Map4_koh_withKohonen_kohSize60.txt, run1_cosDist_Map4_q_withKohonen_kohSize60.txt, run1_cosDist_Map4_koh_withKohonen_kohSize60.txt, run1_cosDist_Map4_q_withKohonen_kohSize60.txt, 3547, 6461, 35.44%, 0, 0, 0.00%, 0, 0, 0.00%, 0, 0, 0.00%, 0, 0, 0.00%, 3547, 6461, 35.44%, 0, 0, 0.00%, 

[Map5 Map5 Map5 Map5 ], 5000, 5000, False, 0.3, 1, 0.5, 60, 60, 2, 0.5, 1, , , run1_cosDist_Map5_koh_withKohonen_kohSize60.txt, run1_cosDist_Map5_q_withKohonen_kohSize60.txt, 366, 19642, 1.83%, 0, 0, 0.00%, 0, 0, 0.00%, 0, 0, 0.00%, 0, 0, 0.00%, 0, 0, 0.00%, 366, 19642, 1.83%, 
[Map5 Map5 Map5 Map5 ], 5000, 5000, False, 0.3, 1, 0.5, 60, 60, 2, 0.25, 1, run1_cosDist_Map5_koh_withKohonen_kohSize60.txt, run1_cosDist_Map5_q_withKohonen_kohSize60.txt, run1_cosDist_Map5_koh_withKohonen_kohSize60.txt, run1_cosDist_Map5_q_withKohonen_kohSize60.txt, 438, 19570, 2.19%, 0, 0, 0.00%, 0, 0, 0.00%, 0, 0, 0.00%, 0, 0, 0.00%, 0, 0, 0.00%, 438, 19570, 2.19%, 
[Map5 Map5 Map5 Map5 ], 5000, 5000, False, 0.2, 1, 0.3, 60, 60, 2, 0.25, 1, run1_cosDist_Map5_koh_withKohonen_kohSize60.txt, run1_cosDist_Map5_q_withKohonen_kohSize60.txt, run1_cosDist_Map5_koh_withKohonen_kohSize60.txt, run1_cosDist_Map5_q_withKohonen_kohSize60.txt, 571, 19436, 2.85%, 0, 0, 0.00%, 0, 0, 0.00%, 0, 0, 0.00%, 0, 0, 0.00%, 0, 0, 0.00%, 571, 19436, 2.85%, 
[Map5 Map5 Map5 Map5 ], 5000, 5000, False, 0.1, 1, 0.25, 60, 60, 2, 0.25, 1, run1_cosDist_Map5_koh_withKohonen_kohSize60.txt, run1_cosDist_Map5_q_withKohonen_kohSize60.txt, run1_cosDist_Map5_koh_withKohonen_kohSize60.txt, run1_cosDist_Map5_q_withKohonen_kohSize60.txt, 642, 19366, 3.21%, 0, 0, 0.00%, 0, 0, 0.00%, 0, 0, 0.00%, 0, 0, 0.00%, 0, 0, 0.00%, 642, 19366, 3.21%, 
[Map5 Map5 Map5 Map5 ], 2500, 0, False, 0.0001, 1, 0.01, 60, 60, 2, 0.25, 1, run1_cosDist_Map5_koh_withKohonen_kohSize60.txt, run1_cosDist_Map5_q_withKohonen_kohSize60.txt, run1_cosDist_Map5_koh_withKohonen_kohSize60.txt, run1_cosDist_Map5_q_withKohonen_kohSize60.txt, 94, 9914, 0.94%, 0, 0, 0.00%, 0, 0, 0.00%, 0, 0, 0.00%, 0, 0, 0.00%, 0, 0, 0.00%, 94, 9914, 0.94%, 

[Map Map Map Map ], 5000, 5000, False, 0.3, 1, 0.5, 60, 60, 2, 0.5, 1, , , run2_cosDist_Map_koh_withoutKohonen_kohSize60.txt, run2_cosDist_Map_q_withoutKohonen_kohSize60.txt, 268, 19740, 1.34%, 268, 19740, 1.34%, 0, 0, 0.00%, 0, 0, 0.00%, 0, 0, 0.00%, 0, 0, 0.00%, 0, 0, 0.00%, 
[Map Map Map Map ], 5000, 5000, False, 0.3, 1, 0.5, 60, 60, 2, 0.25, 1, run2_cosDist_Map_koh_withoutKohonen_kohSize60.txt, run2_cosDist_Map_q_withoutKohonen_kohSize60.txt, run2_cosDist_Map_koh_withoutKohonen_kohSize60.txt, run2_cosDist_Map_q_withoutKohonen_kohSize60.txt, 258, 19749, 1.29%, 258, 19749, 1.29%, 0, 0, 0.00%, 0, 0, 0.00%, 0, 0, 0.00%, 0, 0, 0.00%, 0, 0, 0.00%, 
[Map Map Map Map ], 5000, 0, False, 0.2, 1, 0.3, 60, 60, 2, 0.25, 1, run2_cosDist_Map_koh_withoutKohonen_kohSize60.txt, run2_cosDist_Map_q_withoutKohonen_kohSize60.txt, run2_cosDist_Map_koh_withoutKohonen_kohSize60.txt, run2_cosDist_Map_q_withoutKohonen_kohSize60.txt, 455, 19553, 2.27%, 455, 19553, 2.27%, 0, 0, 0.00%, 0, 0, 0.00%, 0, 0, 0.00%, 0, 0, 0.00%, 0, 0, 0.00%, 
[Map Map Map Map ], 5000, 0, False, 0.1, 1, 0.25, 60, 60, 2, 0.25, 1, run2_cosDist_Map_koh_withoutKohonen_kohSize60.txt, run2_cosDist_Map_q_withoutKohonen_kohSize60.txt, run2_cosDist_Map_koh_withoutKohonen_kohSize60.txt, run2_cosDist_Map_q_withoutKohonen_kohSize60.txt, 357, 19650, 1.78%, 357, 19650, 1.78%, 0, 0, 0.00%, 0, 0, 0.00%, 0, 0, 0.00%, 0, 0, 0.00%, 0, 0, 0.00%, 
[Map Map Map Map ], 2500, 0, False, 0.0001, 1, 0.01, 60, 60, 2, 0.25, 1, run2_cosDist_Map_koh_withoutKohonen_kohSize60.txt, run2_cosDist_Map_q_withoutKohonen_kohSize60.txt, run2_cosDist_Map_koh_withoutKohonen_kohSize60.txt, run2_cosDist_Map_q_withoutKohonen_kohSize60.txt, 9, 9999, 0.09%, 9, 9999, 0.09%, 0, 0, 0.00%, 0, 0, 0.00%, 0, 0, 0.00%, 0, 0, 0.00%, 0, 0, 0.00%, 

[Map1 Map1 Map1 Map1 ], 5000, 5000, False, 0.3, 1, 0.5, 60, 60, 2, 0.5, 1, , , run2_cosDist_Map1_koh_withoutKohonen_kohSize60.txt, run2_cosDist_Map1_q_withoutKohonen_kohSize60.txt, 2285, 17723, 11.42%, 0, 0, 0.00%, 2285, 17723, 11.42%, 0, 0, 0.00%, 0, 0, 0.00%, 0, 0, 0.00%, 0, 0, 0.00%, 
[Map1 Map1 Map1 Map1 ], 5000, 5000, False, 0.3, 1, 0.5, 60, 60, 2, 0.25, 1, run2_cosDist_Map1_koh_withoutKohonen_kohSize60.txt, run2_cosDist_Map1_q_withoutKohonen_kohSize60.txt, run2_cosDist_Map1_koh_withoutKohonen_kohSize60.txt, run2_cosDist_Map1_q_withoutKohonen_kohSize60.txt, 2162, 17844, 10.81%, 0, 0, 0.00%, 2162, 17844, 10.81%, 0, 0, 0.00%, 0, 0, 0.00%, 0, 0, 0.00%, 0, 0, 0.00%, 
[Map1 Map1 Map1 Map1 ], 5000, 0, False, 0.2, 1, 0.3, 60, 60, 2, 0.25, 1, run2_cosDist_Map1_koh_withoutKohonen_kohSize60.txt, run2_cosDist_Map1_q_withoutKohonen_kohSize60.txt, run2_cosDist_Map1_koh_withoutKohonen_kohSize60.txt, run2_cosDist_Map1_q_withoutKohonen_kohSize60.txt, 2503, 17502, 12.51%, 0, 0, 0.00%, 2503, 17502, 12.51%, 0, 0, 0.00%, 0, 0, 0.00%, 0, 0, 0.00%, 0, 0, 0.00%, 
[Map1 Map1 Map1 Map1 ], 5000, 0, False, 0.1, 1, 0.25, 60, 60, 2, 0.25, 1, run2_cosDist_Map1_koh_withoutKohonen_kohSize60.txt, run2_cosDist_Map1_q_withoutKohonen_kohSize60.txt, run2_cosDist_Map1_koh_withoutKohonen_kohSize60.txt, run2_cosDist_Map1_q_withoutKohonen_kohSize60.txt, 5380, 14626, 26.89%, 0, 0, 0.00%, 5380, 14626, 26.89%, 0, 0, 0.00%, 0, 0, 0.00%, 0, 0, 0.00%, 0, 0, 0.00%, 
[Map1 Map1 Map1 Map1 ], 2500, 0, False, 0.0001, 1, 0.01, 60, 60, 2, 0.25, 1, run2_cosDist_Map1_koh_withoutKohonen_kohSize60.txt, run2_cosDist_Map1_q_withoutKohonen_kohSize60.txt, run2_cosDist_Map1_koh_withoutKohonen_kohSize60.txt, run2_cosDist_Map1_q_withoutKohonen_kohSize60.txt, 5034, 4971, 50.31%, 0, 0, 0.00%, 5034, 4971, 50.31%, 0, 0, 0.00%, 0, 0, 0.00%, 0, 0, 0.00%, 0, 0, 0.00%, 

[Map2 Map2 Map2 Map2 ], 5000, 5000, False, 0.3, 1, 0.5, 60, 60, 2, 0.5, 1, , , run2_cosDist_Map2_koh_withoutKohonen_kohSize60.txt, run2_cosDist_Map2_q_withoutKohonen_kohSize60.txt, 1414, 18594, 7.07%, 0, 0, 0.00%, 0, 0, 0.00%, 1414, 18594, 7.07%, 0, 0, 0.00%, 0, 0, 0.00%, 0, 0, 0.00%, 
[Map2 Map2 Map2 Map2 ], 5000, 5000, False, 0.3, 1, 0.5, 60, 60, 2, 0.25, 1, run2_cosDist_Map2_koh_withoutKohonen_kohSize60.txt, run2_cosDist_Map2_q_withoutKohonen_kohSize60.txt, run2_cosDist_Map2_koh_withoutKohonen_kohSize60.txt, run2_cosDist_Map2_q_withoutKohonen_kohSize60.txt, 1421, 18587, 7.10%, 0, 0, 0.00%, 0, 0, 0.00%, 1421, 18587, 7.10%, 0, 0, 0.00%, 0, 0, 0.00%, 0, 0, 0.00%, 
[Map2 Map2 Map2 Map2 ], 5000, 0, False, 0.2, 1, 0.3, 60, 60, 2, 0.25, 1, run2_cosDist_Map2_koh_withoutKohonen_kohSize60.txt, run2_cosDist_Map2_q_withoutKohonen_kohSize60.txt, run2_cosDist_Map2_koh_withoutKohonen_kohSize60.txt, run2_cosDist_Map2_q_withoutKohonen_kohSize60.txt, 2683, 17324, 13.41%, 0, 0, 0.00%, 0, 0, 0.00%, 2683, 17324, 13.41%, 0, 0, 0.00%, 0, 0, 0.00%, 0, 0, 0.00%, 
[Map2 Map2 Map2 Map2 ], 5000, 0, False, 0.1, 1, 0.25, 60, 60, 2, 0.25, 1, run2_cosDist_Map2_koh_withoutKohonen_kohSize60.txt, run2_cosDist_Map2_q_withoutKohonen_kohSize60.txt, run2_cosDist_Map2_koh_withoutKohonen_kohSize60.txt, run2_cosDist_Map2_q_withoutKohonen_kohSize60.txt, 3165, 16841, 15.82%, 0, 0, 0.00%, 0, 0, 0.00%, 3165, 16841, 15.82%, 0, 0, 0.00%, 0, 0, 0.00%, 0, 0, 0.00%, 
[Map2 Map2 Map2 Map2 ], 2500, 0, False, 0.0001, 1, 0.01, 60, 60, 2, 0.25, 1, run2_cosDist_Map2_koh_withoutKohonen_kohSize60.txt, run2_cosDist_Map2_q_withoutKohonen_kohSize60.txt, run2_cosDist_Map2_koh_withoutKohonen_kohSize60.txt, run2_cosDist_Map2_q_withoutKohonen_kohSize60.txt, 0, 10006, 0.00%, 0, 0, 0.00%, 0, 0, 0.00%, 0, 10006, 0.00%, 0, 0, 0.00%, 0, 0, 0.00%, 0, 0, 0.00%, 

[Map3 Map3 Map3 Map3 ], 5000, 5000, False, 0.3, 1, 0.5, 60, 60, 2, 0.5, 1, , , run2_cosDist_Map3_koh_withoutKohonen_kohSize60.txt, run2_cosDist_Map3_q_withoutKohonen_kohSize60.txt, 653, 19355, 3.26%, 0, 0, 0.00%, 0, 0, 0.00%, 0, 0, 0.00%, 653, 19355, 3.26%, 0, 0, 0.00%, 0, 0, 0.00%, 
[Map3 Map3 Map3 Map3 ], 5000, 5000, False, 0.3, 1, 0.5, 60, 60, 2, 0.25, 1, run2_cosDist_Map3_koh_withoutKohonen_kohSize60.txt, run2_cosDist_Map3_q_withoutKohonen_kohSize60.txt, run2_cosDist_Map3_koh_withoutKohonen_kohSize60.txt, run2_cosDist_Map3_q_withoutKohonen_kohSize60.txt, 885, 19123, 4.42%, 0, 0, 0.00%, 0, 0, 0.00%, 0, 0, 0.00%, 885, 19123, 4.42%, 0, 0, 0.00%, 0, 0, 0.00%, 
[Map3 Map3 Map3 Map3 ], 5000, 0, False, 0.2, 1, 0.3, 60, 60, 2, 0.25, 1, run2_cosDist_Map3_koh_withoutKohonen_kohSize60.txt, run2_cosDist_Map3_q_withoutKohonen_kohSize60.txt, run2_cosDist_Map3_koh_withoutKohonen_kohSize60.txt, run2_cosDist_Map3_q_withoutKohonen_kohSize60.txt, 1312, 18696, 6.56%, 0, 0, 0.00%, 0, 0, 0.00%, 0, 0, 0.00%, 1312, 18696, 6.56%, 0, 0, 0.00%, 0, 0, 0.00%, 
[Map3 Map3 Map3 Map3 ], 5000, 0, False, 0.1, 1, 0.25, 60, 60, 2, 0.25, 1, run2_cosDist_Map3_koh_withoutKohonen_kohSize60.txt, run2_cosDist_Map3_q_withoutKohonen_kohSize60.txt, run2_cosDist_Map3_koh_withoutKohonen_kohSize60.txt, run2_cosDist_Map3_q_withoutKohonen_kohSize60.txt, 1866, 18141, 9.33%, 0, 0, 0.00%, 0, 0, 0.00%, 0, 0, 0.00%, 1866, 18141, 9.33%, 0, 0, 0.00%, 0, 0, 0.00%, 
[Map3 Map3 Map3 Map3 ], 2500, 0, False, 0.0001, 1, 0.01, 60, 60, 2, 0.25, 1, run2_cosDist_Map3_koh_withoutKohonen_kohSize60.txt, run2_cosDist_Map3_q_withoutKohonen_kohSize60.txt, run2_cosDist_Map3_koh_withoutKohonen_kohSize60.txt, run2_cosDist_Map3_q_withoutKohonen_kohSize60.txt, 208, 9799, 2.08%, 0, 0, 0.00%, 0, 0, 0.00%, 0, 0, 0.00%, 208, 9799, 2.08%, 0, 0, 0.00%, 0, 0, 0.00%, 

[Map4 Map4 Map4 Map4 ], 5000, 5000, False, 0.3, 1, 0.5, 60, 60, 2, 0.5, 1, , , run2_cosDist_Map4_koh_withoutKohonen_kohSize60.txt, run2_cosDist_Map4_q_withoutKohonen_kohSize60.txt, 2066, 17941, 10.33%, 0, 0, 0.00%, 0, 0, 0.00%, 0, 0, 0.00%, 0, 0, 0.00%, 2066, 17941, 10.33%, 0, 0, 0.00%, 
[Map4 Map4 Map4 Map4 ], 5000, 5000, False, 0.3, 1, 0.5, 60, 60, 2, 0.25, 1, run2_cosDist_Map4_koh_withoutKohonen_kohSize60.txt, run2_cosDist_Map4_q_withoutKohonen_kohSize60.txt, run2_cosDist_Map4_koh_withoutKohonen_kohSize60.txt, run2_cosDist_Map4_q_withoutKohonen_kohSize60.txt, 2431, 17576, 12.15%, 0, 0, 0.00%, 0, 0, 0.00%, 0, 0, 0.00%, 0, 0, 0.00%, 2431, 17576, 12.15%, 0, 0, 0.00%, 
[Map4 Map4 Map4 Map4 ], 5000, 0, False, 0.2, 1, 0.3, 60, 60, 2, 0.25, 1, run2_cosDist_Map4_koh_withoutKohonen_kohSize60.txt, run2_cosDist_Map4_q_withoutKohonen_kohSize60.txt, run2_cosDist_Map4_koh_withoutKohonen_kohSize60.txt, run2_cosDist_Map4_q_withoutKohonen_kohSize60.txt, 3312, 16696, 16.55%, 0, 0, 0.00%, 0, 0, 0.00%, 0, 0, 0.00%, 0, 0, 0.00%, 3312, 16696, 16.55%, 0, 0, 0.00%, 
[Map4 Map4 Map4 Map4 ], 5000, 0, False, 0.1, 1, 0.25, 60, 60, 2, 0.25, 1, run2_cosDist_Map4_koh_withoutKohonen_kohSize60.txt, run2_cosDist_Map4_q_withoutKohonen_kohSize60.txt, run2_cosDist_Map4_koh_withoutKohonen_kohSize60.txt, run2_cosDist_Map4_q_withoutKohonen_kohSize60.txt, 3652, 16356, 18.25%, 0, 0, 0.00%, 0, 0, 0.00%, 0, 0, 0.00%, 0, 0, 0.00%, 3652, 16356, 18.25%, 0, 0, 0.00%, 
[Map4 Map4 Map4 Map4 ], 2500, 0, False, 0.0001, 1, 0.01, 60, 60, 2, 0.25, 1, run2_cosDist_Map4_koh_withoutKohonen_kohSize60.txt, run2_cosDist_Map4_q_withoutKohonen_kohSize60.txt, run2_cosDist_Map4_koh_withoutKohonen_kohSize60.txt, run2_cosDist_Map4_q_withoutKohonen_kohSize60.txt, 2402, 7606, 24.00%, 0, 0, 0.00%, 0, 0, 0.00%, 0, 0, 0.00%, 0, 0, 0.00%, 2402, 7606, 24.00%, 0, 0, 0.00%, 

[Map5 Map5 Map5 Map5 ], 5000, 5000, False, 0.3, 1, 0.5, 60, 60, 2, 0.5, 1, , , run2_cosDist_Map5_koh_withoutKohonen_kohSize60.txt, run2_cosDist_Map5_q_withoutKohonen_kohSize60.txt, 309, 19699, 1.54%, 0, 0, 0.00%, 0, 0, 0.00%, 0, 0, 0.00%, 0, 0, 0.00%, 0, 0, 0.00%, 309, 19699, 1.54%, 
[Map5 Map5 Map5 Map5 ], 5000, 5000, False, 0.3, 1, 0.5, 60, 60, 2, 0.25, 1, run2_cosDist_Map5_koh_withoutKohonen_kohSize60.txt, run2_cosDist_Map5_q_withoutKohonen_kohSize60.txt, run2_cosDist_Map5_koh_withoutKohonen_kohSize60.txt, run2_cosDist_Map5_q_withoutKohonen_kohSize60.txt, 403, 19604, 2.01%, 0, 0, 0.00%, 0, 0, 0.00%, 0, 0, 0.00%, 0, 0, 0.00%, 0, 0, 0.00%, 403, 19604, 2.01%, 
[Map5 Map5 Map5 Map5 ], 5000, 0, False, 0.2, 1, 0.3, 60, 60, 2, 0.25, 1, run2_cosDist_Map5_koh_withoutKohonen_kohSize60.txt, run2_cosDist_Map5_q_withoutKohonen_kohSize60.txt, run2_cosDist_Map5_koh_withoutKohonen_kohSize60.txt, run2_cosDist_Map5_q_withoutKohonen_kohSize60.txt, 976, 19032, 4.88%, 0, 0, 0.00%, 0, 0, 0.00%, 0, 0, 0.00%, 0, 0, 0.00%, 0, 0, 0.00%, 976, 19032, 4.88%, 
[Map5 Map5 Map5 Map5 ], 5000, 0, False, 0.1, 1, 0.25, 60, 60, 2, 0.25, 1, run2_cosDist_Map5_koh_withoutKohonen_kohSize60.txt, run2_cosDist_Map5_q_withoutKohonen_kohSize60.txt, run2_cosDist_Map5_koh_withoutKohonen_kohSize60.txt, run2_cosDist_Map5_q_withoutKohonen_kohSize60.txt, 1068, 18939, 5.34%, 0, 0, 0.00%, 0, 0, 0.00%, 0, 0, 0.00%, 0, 0, 0.00%, 0, 0, 0.00%, 1068, 18939, 5.34%, 
[Map5 Map5 Map5 Map5 ], 2500, 0, False, 0.0001, 1, 0.01, 60, 60, 2, 0.25, 1, run2_cosDist_Map5_koh_withoutKohonen_kohSize60.txt, run2_cosDist_Map5_q_withoutKohonen_kohSize60.txt, run2_cosDist_Map5_koh_withoutKohonen_kohSize60.txt, run2_cosDist_Map5_q_withoutKohonen_kohSize60.txt, 0, 10008, 0.00%, 0, 0, 0.00%, 0, 0, 0.00%, 0, 0, 0.00%, 0, 0, 0.00%, 0, 0, 0.00%, 0, 10008, 0.00%, 

[Map Map Map Map ], 5000, 5000, False, 0.3, 1, 0.5, 60, 60, 2, 0.5, 1, , , run2_cosDist_Map_koh_withKohonen_kohSize60.txt, run2_cosDist_Map_q_withKohonen_kohSize60.txt, 319, 19688, 1.59%, 319, 19688, 1.59%, 0, 0, 0.00%, 0, 0, 0.00%, 0, 0, 0.00%, 0, 0, 0.00%, 0, 0, 0.00%, 
[Map Map Map Map ], 5000, 5000, False, 0.3, 1, 0.5, 60, 60, 2, 0.25, 1, run2_cosDist_Map_koh_withKohonen_kohSize60.txt, run2_cosDist_Map_q_withKohonen_kohSize60.txt, run2_cosDist_Map_koh_withKohonen_kohSize60.txt, run2_cosDist_Map_q_withKohonen_kohSize60.txt, 375, 19633, 1.87%, 375, 19633, 1.87%, 0, 0, 0.00%, 0, 0, 0.00%, 0, 0, 0.00%, 0, 0, 0.00%, 0, 0, 0.00%, 
[Map Map Map Map ], 5000, 5000, False, 0.2, 1, 0.3, 60, 60, 2, 0.25, 1, run2_cosDist_Map_koh_withKohonen_kohSize60.txt, run2_cosDist_Map_q_withKohonen_kohSize60.txt, run2_cosDist_Map_koh_withKohonen_kohSize60.txt, run2_cosDist_Map_q_withKohonen_kohSize60.txt, 606, 19401, 3.03%, 606, 19401, 3.03%, 0, 0, 0.00%, 0, 0, 0.00%, 0, 0, 0.00%, 0, 0, 0.00%, 0, 0, 0.00%, 
[Map Map Map Map ], 5000, 5000, False, 0.1, 1, 0.25, 60, 60, 2, 0.25, 1, run2_cosDist_Map_koh_withKohonen_kohSize60.txt, run2_cosDist_Map_q_withKohonen_kohSize60.txt, run2_cosDist_Map_koh_withKohonen_kohSize60.txt, run2_cosDist_Map_q_withKohonen_kohSize60.txt, 890, 19117, 4.45%, 890, 19117, 4.45%, 0, 0, 0.00%, 0, 0, 0.00%, 0, 0, 0.00%, 0, 0, 0.00%, 0, 0, 0.00%, 
[Map Map Map Map ], 2500, 0, False, 0.0001, 1, 0.01, 60, 60, 2, 0.25, 1, run2_cosDist_Map_koh_withKohonen_kohSize60.txt, run2_cosDist_Map_q_withKohonen_kohSize60.txt, run2_cosDist_Map_koh_withKohonen_kohSize60.txt, run2_cosDist_Map_q_withKohonen_kohSize60.txt, 19, 9989, 0.19%, 19, 9989, 0.19%, 0, 0, 0.00%, 0, 0, 0.00%, 0, 0, 0.00%, 0, 0, 0.00%, 0, 0, 0.00%, 

[Map1 Map1 Map1 Map1 ], 5000, 5000, False, 0.3, 1, 0.5, 60, 60, 2, 0.5, 1, , , run2_cosDist_Map1_koh_withKohonen_kohSize60.txt, run2_cosDist_Map1_q_withKohonen_kohSize60.txt, 2158, 17850, 10.79%, 0, 0, 0.00%, 2158, 17850, 10.79%, 0, 0, 0.00%, 0, 0, 0.00%, 0, 0, 0.00%, 0, 0, 0.00%, 
[Map1 Map1 Map1 Map1 ], 5000, 5000, False, 0.3, 1, 0.5, 60, 60, 2, 0.25, 1, run2_cosDist_Map1_koh_withKohonen_kohSize60.txt, run2_cosDist_Map1_q_withKohonen_kohSize60.txt, run2_cosDist_Map1_koh_withKohonen_kohSize60.txt, run2_cosDist_Map1_q_withKohonen_kohSize60.txt, 2428, 17578, 12.14%, 0, 0, 0.00%, 2428, 17578, 12.14%, 0, 0, 0.00%, 0, 0, 0.00%, 0, 0, 0.00%, 0, 0, 0.00%, 
[Map1 Map1 Map1 Map1 ], 5000, 5000, False, 0.2, 1, 0.3, 60, 60, 2, 0.25, 1, run2_cosDist_Map1_koh_withKohonen_kohSize60.txt, run2_cosDist_Map1_q_withKohonen_kohSize60.txt, run2_cosDist_Map1_koh_withKohonen_kohSize60.txt, run2_cosDist_Map1_q_withKohonen_kohSize60.txt, 4019, 15986, 20.09%, 0, 0, 0.00%, 4019, 15986, 20.09%, 0, 0, 0.00%, 0, 0, 0.00%, 0, 0, 0.00%, 0, 0, 0.00%, 
[Map1 Map1 Map1 Map1 ], 5000, 5000, False, 0.1, 1, 0.25, 60, 60, 2, 0.25, 1, run2_cosDist_Map1_koh_withKohonen_kohSize60.txt, run2_cosDist_Map1_q_withKohonen_kohSize60.txt, run2_cosDist_Map1_koh_withKohonen_kohSize60.txt, run2_cosDist_Map1_q_withKohonen_kohSize60.txt, 4547, 15460, 22.73%, 0, 0, 0.00%, 4547, 15460, 22.73%, 0, 0, 0.00%, 0, 0, 0.00%, 0, 0, 0.00%, 0, 0, 0.00%, 
[Map1 Map1 Map1 Map1 ], 2500, 0, False, 0.0001, 1, 0.01, 60, 60, 2, 0.25, 1, run2_cosDist_Map1_koh_withKohonen_kohSize60.txt, run2_cosDist_Map1_q_withKohonen_kohSize60.txt, run2_cosDist_Map1_koh_withKohonen_kohSize60.txt, run2_cosDist_Map1_q_withKohonen_kohSize60.txt, 4454, 5553, 44.51%, 0, 0, 0.00%, 4454, 5553, 44.51%, 0, 0, 0.00%, 0, 0, 0.00%, 0, 0, 0.00%, 0, 0, 0.00%, 

[Map2 Map2 Map2 Map2 ], 5000, 5000, False, 0.3, 1, 0.5, 60, 60, 2, 0.5, 1, , , run2_cosDist_Map2_koh_withKohonen_kohSize60.txt, run2_cosDist_Map2_q_withKohonen_kohSize60.txt, 1349, 18659, 6.74%, 0, 0, 0.00%, 0, 0, 0.00%, 1349, 18659, 6.74%, 0, 0, 0.00%, 0, 0, 0.00%, 0, 0, 0.00%, 
[Map2 Map2 Map2 Map2 ], 5000, 5000, False, 0.3, 1, 0.5, 60, 60, 2, 0.25, 1, run2_cosDist_Map2_koh_withKohonen_kohSize60.txt, run2_cosDist_Map2_q_withKohonen_kohSize60.txt, run2_cosDist_Map2_koh_withKohonen_kohSize60.txt, run2_cosDist_Map2_q_withKohonen_kohSize60.txt, 1463, 18543, 7.31%, 0, 0, 0.00%, 0, 0, 0.00%, 1463, 18543, 7.31%, 0, 0, 0.00%, 0, 0, 0.00%, 0, 0, 0.00%, 
[Map2 Map2 Map2 Map2 ], 5000, 5000, False, 0.2, 1, 0.3, 60, 60, 2, 0.25, 1, run2_cosDist_Map2_koh_withKohonen_kohSize60.txt, run2_cosDist_Map2_q_withKohonen_kohSize60.txt, run2_cosDist_Map2_koh_withKohonen_kohSize60.txt, run2_cosDist_Map2_q_withKohonen_kohSize60.txt, 2106, 17901, 10.53%, 0, 0, 0.00%, 0, 0, 0.00%, 2106, 17901, 10.53%, 0, 0, 0.00%, 0, 0, 0.00%, 0, 0, 0.00%, 
[Map2 Map2 Map2 Map2 ], 5000, 5000, False, 0.1, 1, 0.25, 60, 60, 2, 0.25, 1, run2_cosDist_Map2_koh_withKohonen_kohSize60.txt, run2_cosDist_Map2_q_withKohonen_kohSize60.txt, run2_cosDist_Map2_koh_withKohonen_kohSize60.txt, run2_cosDist_Map2_q_withKohonen_kohSize60.txt, 2385, 17623, 11.92%, 0, 0, 0.00%, 0, 0, 0.00%, 2385, 17623, 11.92%, 0, 0, 0.00%, 0, 0, 0.00%, 0, 0, 0.00%, 
[Map2 Map2 Map2 Map2 ], 2500, 0, False, 0.0001, 1, 0.01, 60, 60, 2, 0.25, 1, run2_cosDist_Map2_koh_withKohonen_kohSize60.txt, run2_cosDist_Map2_q_withKohonen_kohSize60.txt, run2_cosDist_Map2_koh_withKohonen_kohSize60.txt, run2_cosDist_Map2_q_withKohonen_kohSize60.txt, 3262, 6744, 32.60%, 0, 0, 0.00%, 0, 0, 0.00%, 3262, 6744, 32.60%, 0, 0, 0.00%, 0, 0, 0.00%, 0, 0, 0.00%, 

[Map3 Map3 Map3 Map3 ], 5000, 5000, False, 0.3, 1, 0.5, 60, 60, 2, 0.5, 1, , , run2_cosDist_Map3_koh_withKohonen_kohSize60.txt, run2_cosDist_Map3_q_withKohonen_kohSize60.txt, 717, 19289, 3.58%, 0, 0, 0.00%, 0, 0, 0.00%, 0, 0, 0.00%, 717, 19289, 3.58%, 0, 0, 0.00%, 0, 0, 0.00%, 
[Map3 Map3 Map3 Map3 ], 5000, 5000, False, 0.3, 1, 0.5, 60, 60, 2, 0.25, 1, run2_cosDist_Map3_koh_withKohonen_kohSize60.txt, run2_cosDist_Map3_q_withKohonen_kohSize60.txt, run2_cosDist_Map3_koh_withKohonen_kohSize60.txt, run2_cosDist_Map3_q_withKohonen_kohSize60.txt, 833, 19174, 4.16%, 0, 0, 0.00%, 0, 0, 0.00%, 0, 0, 0.00%, 833, 19174, 4.16%, 0, 0, 0.00%, 0, 0, 0.00%, 
[Map3 Map3 Map3 Map3 ], 5000, 5000, False, 0.2, 1, 0.3, 60, 60, 2, 0.25, 1, run2_cosDist_Map3_koh_withKohonen_kohSize60.txt, run2_cosDist_Map3_q_withKohonen_kohSize60.txt, run2_cosDist_Map3_koh_withKohonen_kohSize60.txt, run2_cosDist_Map3_q_withKohonen_kohSize60.txt, 1514, 18494, 7.57%, 0, 0, 0.00%, 0, 0, 0.00%, 0, 0, 0.00%, 1514, 18494, 7.57%, 0, 0, 0.00%, 0, 0, 0.00%, 
[Map3 Map3 Map3 Map3 ], 5000, 5000, False, 0.1, 1, 0.25, 60, 60, 2, 0.25, 1, run2_cosDist_Map3_koh_withKohonen_kohSize60.txt, run2_cosDist_Map3_q_withKohonen_kohSize60.txt, run2_cosDist_Map3_koh_withKohonen_kohSize60.txt, run2_cosDist_Map3_q_withKohonen_kohSize60.txt, 2159, 17848, 10.79%, 0, 0, 0.00%, 0, 0, 0.00%, 0, 0, 0.00%, 2159, 17848, 10.79%, 0, 0, 0.00%, 0, 0, 0.00%, 
[Map3 Map3 Map3 Map3 ], 2500, 0, False, 0.0001, 1, 0.01, 60, 60, 2, 0.25, 1, run2_cosDist_Map3_koh_withKohonen_kohSize60.txt, run2_cosDist_Map3_q_withKohonen_kohSize60.txt, run2_cosDist_Map3_koh_withKohonen_kohSize60.txt, run2_cosDist_Map3_q_withKohonen_kohSize60.txt, 2769, 7239, 27.67%, 0, 0, 0.00%, 0, 0, 0.00%, 0, 0, 0.00%, 2769, 7239, 27.67%, 0, 0, 0.00%, 0, 0, 0.00%, 

[Map4 Map4 Map4 Map4 ], 5000, 5000, False, 0.3, 1, 0.5, 60, 60, 2, 0.5, 1, , , run2_cosDist_Map4_koh_withKohonen_kohSize60.txt, run2_cosDist_Map4_q_withKohonen_kohSize60.txt, 2110, 17897, 10.55%, 0, 0, 0.00%, 0, 0, 0.00%, 0, 0, 0.00%, 0, 0, 0.00%, 2110, 17897, 10.55%, 0, 0, 0.00%, 
[Map4 Map4 Map4 Map4 ], 5000, 5000, False, 0.3, 1, 0.5, 60, 60, 2, 0.25, 1, run2_cosDist_Map4_koh_withKohonen_kohSize60.txt, run2_cosDist_Map4_q_withKohonen_kohSize60.txt, run2_cosDist_Map4_koh_withKohonen_kohSize60.txt, run2_cosDist_Map4_q_withKohonen_kohSize60.txt, 2272, 17735, 11.36%, 0, 0, 0.00%, 0, 0, 0.00%, 0, 0, 0.00%, 0, 0, 0.00%, 2272, 17735, 11.36%, 0, 0, 0.00%, 
[Map4 Map4 Map4 Map4 ], 5000, 5000, False, 0.2, 1, 0.3, 60, 60, 2, 0.25, 1, run2_cosDist_Map4_koh_withKohonen_kohSize60.txt, run2_cosDist_Map4_q_withKohonen_kohSize60.txt, run2_cosDist_Map4_koh_withKohonen_kohSize60.txt, run2_cosDist_Map4_q_withKohonen_kohSize60.txt, 3507, 16501, 17.53%, 0, 0, 0.00%, 0, 0, 0.00%, 0, 0, 0.00%, 0, 0, 0.00%, 3507, 16501, 17.53%, 0, 0, 0.00%, 
[Map4 Map4 Map4 Map4 ], 5000, 5000, False, 0.1, 1, 0.25, 60, 60, 2, 0.25, 1, run2_cosDist_Map4_koh_withKohonen_kohSize60.txt, run2_cosDist_Map4_q_withKohonen_kohSize60.txt, run2_cosDist_Map4_koh_withKohonen_kohSize60.txt, run2_cosDist_Map4_q_withKohonen_kohSize60.txt, 3894, 16114, 19.46%, 0, 0, 0.00%, 0, 0, 0.00%, 0, 0, 0.00%, 0, 0, 0.00%, 3894, 16114, 19.46%, 0, 0, 0.00%, 
[Map4 Map4 Map4 Map4 ], 2500, 0, False, 0.0001, 1, 0.01, 60, 60, 2, 0.25, 1, run2_cosDist_Map4_koh_withKohonen_kohSize60.txt, run2_cosDist_Map4_q_withKohonen_kohSize60.txt, run2_cosDist_Map4_koh_withKohonen_kohSize60.txt, run2_cosDist_Map4_q_withKohonen_kohSize60.txt, 3140, 6868, 31.37%, 0, 0, 0.00%, 0, 0, 0.00%, 0, 0, 0.00%, 0, 0, 0.00%, 3140, 6868, 31.37%, 0, 0, 0.00%, 

[Map5 Map5 Map5 Map5 ], 5000, 5000, False, 0.3, 1, 0.5, 60, 60, 2, 0.5, 1, , , run2_cosDist_Map5_koh_withKohonen_kohSize60.txt, run2_cosDist_Map5_q_withKohonen_kohSize60.txt, 338, 19670, 1.69%, 0, 0, 0.00%, 0, 0, 0.00%, 0, 0, 0.00%, 0, 0, 0.00%, 0, 0, 0.00%, 338, 19670, 1.69%, 
[Map5 Map5 Map5 Map5 ], 5000, 5000, False, 0.3, 1, 0.5, 60, 60, 2, 0.25, 1, run2_cosDist_Map5_koh_withKohonen_kohSize60.txt, run2_cosDist_Map5_q_withKohonen_kohSize60.txt, run2_cosDist_Map5_koh_withKohonen_kohSize60.txt, run2_cosDist_Map5_q_withKohonen_kohSize60.txt, 454, 19553, 2.27%, 0, 0, 0.00%, 0, 0, 0.00%, 0, 0, 0.00%, 0, 0, 0.00%, 0, 0, 0.00%, 454, 19553, 2.27%, 
[Map5 Map5 Map5 Map5 ], 5000, 5000, False, 0.2, 1, 0.3, 60, 60, 2, 0.25, 1, run2_cosDist_Map5_koh_withKohonen_kohSize60.txt, run2_cosDist_Map5_q_withKohonen_kohSize60.txt, run2_cosDist_Map5_koh_withKohonen_kohSize60.txt, run2_cosDist_Map5_q_withKohonen_kohSize60.txt, 679, 19329, 3.39%, 0, 0, 0.00%, 0, 0, 0.00%, 0, 0, 0.00%, 0, 0, 0.00%, 0, 0, 0.00%, 679, 19329, 3.39%, 
[Map5 Map5 Map5 Map5 ], 5000, 5000, False, 0.1, 1, 0.25, 60, 60, 2, 0.25, 1, run2_cosDist_Map5_koh_withKohonen_kohSize60.txt, run2_cosDist_Map5_q_withKohonen_kohSize60.txt, run2_cosDist_Map5_koh_withKohonen_kohSize60.txt, run2_cosDist_Map5_q_withKohonen_kohSize60.txt, 662, 19346, 3.31%, 0, 0, 0.00%, 0, 0, 0.00%, 0, 0, 0.00%, 0, 0, 0.00%, 0, 0, 0.00%, 662, 19346, 3.31%, 
[Map5 Map5 Map5 Map5 ], 2500, 0, False, 0.0001, 1, 0.01, 60, 60, 2, 0.25, 1, run2_cosDist_Map5_koh_withKohonen_kohSize60.txt, run2_cosDist_Map5_q_withKohonen_kohSize60.txt, run2_cosDist_Map5_koh_withKohonen_kohSize60.txt, run2_cosDist_Map5_q_withKohonen_kohSize60.txt, 601, 9406, 6.01%, 0, 0, 0.00%, 0, 0, 0.00%, 0, 0, 0.00%, 0, 0, 0.00%, 0, 0, 0.00%, 601, 9406, 6.01%, 

[Map Map Map Map ], 5000, 5000, False, 0.3, 1, 0.5, 60, 60, 2, 0.5, 1, , , run3_cosDist_Map_koh_withoutKohonen_kohSize60.txt, run3_cosDist_Map_q_withoutKohonen_kohSize60.txt, 235, 19772, 1.17%, 235, 19772, 1.17%, 0, 0, 0.00%, 0, 0, 0.00%, 0, 0, 0.00%, 0, 0, 0.00%, 0, 0, 0.00%, 
[Map Map Map Map ], 5000, 5000, False, 0.3, 1, 0.5, 60, 60, 2, 0.25, 1, run3_cosDist_Map_koh_withoutKohonen_kohSize60.txt, run3_cosDist_Map_q_withoutKohonen_kohSize60.txt, run3_cosDist_Map_koh_withoutKohonen_kohSize60.txt, run3_cosDist_Map_q_withoutKohonen_kohSize60.txt, 284, 19724, 1.42%, 284, 19724, 1.42%, 0, 0, 0.00%, 0, 0, 0.00%, 0, 0, 0.00%, 0, 0, 0.00%, 0, 0, 0.00%, 
[Map Map Map Map ], 5000, 0, False, 0.2, 1, 0.3, 60, 60, 2, 0.25, 1, run3_cosDist_Map_koh_withoutKohonen_kohSize60.txt, run3_cosDist_Map_q_withoutKohonen_kohSize60.txt, run3_cosDist_Map_koh_withoutKohonen_kohSize60.txt, run3_cosDist_Map_q_withoutKohonen_kohSize60.txt, 527, 19481, 2.63%, 527, 19481, 2.63%, 0, 0, 0.00%, 0, 0, 0.00%, 0, 0, 0.00%, 0, 0, 0.00%, 0, 0, 0.00%, 
[Map Map Map Map ], 5000, 0, False, 0.1, 1, 0.25, 60, 60, 2, 0.25, 1, run3_cosDist_Map_koh_withoutKohonen_kohSize60.txt, run3_cosDist_Map_q_withoutKohonen_kohSize60.txt, run3_cosDist_Map_koh_withoutKohonen_kohSize60.txt, run3_cosDist_Map_q_withoutKohonen_kohSize60.txt, 819, 19188, 4.09%, 819, 19188, 4.09%, 0, 0, 0.00%, 0, 0, 0.00%, 0, 0, 0.00%, 0, 0, 0.00%, 0, 0, 0.00%, 
[Map Map Map Map ], 2500, 0, False, 0.0001, 1, 0.01, 60, 60, 2, 0.25, 1, run3_cosDist_Map_koh_withoutKohonen_kohSize60.txt, run3_cosDist_Map_q_withoutKohonen_kohSize60.txt, run3_cosDist_Map_koh_withoutKohonen_kohSize60.txt, run3_cosDist_Map_q_withoutKohonen_kohSize60.txt, 1460, 8547, 14.59%, 1460, 8547, 14.59%, 0, 0, 0.00%, 0, 0, 0.00%, 0, 0, 0.00%, 0, 0, 0.00%, 0, 0, 0.00%, 

[Map1 Map1 Map1 Map1 ], 5000, 5000, False, 0.3, 1, 0.5, 60, 60, 2, 0.5, 1, , , run3_cosDist_Map1_koh_withoutKohonen_kohSize60.txt, run3_cosDist_Map1_q_withoutKohonen_kohSize60.txt, 2135, 17873, 10.67%, 0, 0, 0.00%, 2135, 17873, 10.67%, 0, 0, 0.00%, 0, 0, 0.00%, 0, 0, 0.00%, 0, 0, 0.00%, 
[Map1 Map1 Map1 Map1 ], 5000, 5000, False, 0.3, 1, 0.5, 60, 60, 2, 0.25, 1, run3_cosDist_Map1_koh_withoutKohonen_kohSize60.txt, run3_cosDist_Map1_q_withoutKohonen_kohSize60.txt, run3_cosDist_Map1_koh_withoutKohonen_kohSize60.txt, run3_cosDist_Map1_q_withoutKohonen_kohSize60.txt, 2414, 17593, 12.07%, 0, 0, 0.00%, 2414, 17593, 12.07%, 0, 0, 0.00%, 0, 0, 0.00%, 0, 0, 0.00%, 0, 0, 0.00%, 
[Map1 Map1 Map1 Map1 ], 5000, 0, False, 0.2, 1, 0.3, 60, 60, 2, 0.25, 1, run3_cosDist_Map1_koh_withoutKohonen_kohSize60.txt, run3_cosDist_Map1_q_withoutKohonen_kohSize60.txt, run3_cosDist_Map1_koh_withoutKohonen_kohSize60.txt, run3_cosDist_Map1_q_withoutKohonen_kohSize60.txt, 4476, 15530, 22.37%, 0, 0, 0.00%, 4476, 15530, 22.37%, 0, 0, 0.00%, 0, 0, 0.00%, 0, 0, 0.00%, 0, 0, 0.00%, 
[Map1 Map1 Map1 Map1 ], 5000, 0, False, 0.1, 1, 0.25, 60, 60, 2, 0.25, 1, run3_cosDist_Map1_koh_withoutKohonen_kohSize60.txt, run3_cosDist_Map1_q_withoutKohonen_kohSize60.txt, run3_cosDist_Map1_koh_withoutKohonen_kohSize60.txt, run3_cosDist_Map1_q_withoutKohonen_kohSize60.txt, 5717, 14288, 28.58%, 0, 0, 0.00%, 5717, 14288, 28.58%, 0, 0, 0.00%, 0, 0, 0.00%, 0, 0, 0.00%, 0, 0, 0.00%, 
[Map1 Map1 Map1 Map1 ], 2500, 0, False, 0.0001, 1, 0.01, 60, 60, 2, 0.25, 1, run3_cosDist_Map1_koh_withoutKohonen_kohSize60.txt, run3_cosDist_Map1_q_withoutKohonen_kohSize60.txt, run3_cosDist_Map1_koh_withoutKohonen_kohSize60.txt, run3_cosDist_Map1_q_withoutKohonen_kohSize60.txt, 6450, 3557, 64.45%, 0, 0, 0.00%, 6450, 3557, 64.45%, 0, 0, 0.00%, 0, 0, 0.00%, 0, 0, 0.00%, 0, 0, 0.00%, 

[Map2 Map2 Map2 Map2 ], 5000, 5000, False, 0.3, 1, 0.5, 60, 60, 2, 0.5, 1, , , run3_cosDist_Map2_koh_withoutKohonen_kohSize60.txt, run3_cosDist_Map2_q_withoutKohonen_kohSize60.txt, 1277, 18730, 6.38%, 0, 0, 0.00%, 0, 0, 0.00%, 1277, 18730, 6.38%, 0, 0, 0.00%, 0, 0, 0.00%, 0, 0, 0.00%, 
[Map2 Map2 Map2 Map2 ], 5000, 5000, False, 0.3, 1, 0.5, 60, 60, 2, 0.25, 1, run3_cosDist_Map2_koh_withoutKohonen_kohSize60.txt, run3_cosDist_Map2_q_withoutKohonen_kohSize60.txt, run3_cosDist_Map2_koh_withoutKohonen_kohSize60.txt, run3_cosDist_Map2_q_withoutKohonen_kohSize60.txt, 1312, 18695, 6.56%, 0, 0, 0.00%, 0, 0, 0.00%, 1312, 18695, 6.56%, 0, 0, 0.00%, 0, 0, 0.00%, 0, 0, 0.00%, 
[Map2 Map2 Map2 Map2 ], 5000, 0, False, 0.2, 1, 0.3, 60, 60, 2, 0.25, 1, run3_cosDist_Map2_koh_withoutKohonen_kohSize60.txt, run3_cosDist_Map2_q_withoutKohonen_kohSize60.txt, run3_cosDist_Map2_koh_withoutKohonen_kohSize60.txt, run3_cosDist_Map2_q_withoutKohonen_kohSize60.txt, 2820, 17186, 14.10%, 0, 0, 0.00%, 0, 0, 0.00%, 2820, 17186, 14.10%, 0, 0, 0.00%, 0, 0, 0.00%, 0, 0, 0.00%, 
[Map2 Map2 Map2 Map2 ], 5000, 0, False, 0.1, 1, 0.25, 60, 60, 2, 0.25, 1, run3_cosDist_Map2_koh_withoutKohonen_kohSize60.txt, run3_cosDist_Map2_q_withoutKohonen_kohSize60.txt, run3_cosDist_Map2_koh_withoutKohonen_kohSize60.txt, run3_cosDist_Map2_q_withoutKohonen_kohSize60.txt, 3542, 16465, 17.70%, 0, 0, 0.00%, 0, 0, 0.00%, 3542, 16465, 17.70%, 0, 0, 0.00%, 0, 0, 0.00%, 0, 0, 0.00%, 
[Map2 Map2 Map2 Map2 ], 2500, 0, False, 0.0001, 1, 0.01, 60, 60, 2, 0.25, 1, run3_cosDist_Map2_koh_withoutKohonen_kohSize60.txt, run3_cosDist_Map2_q_withoutKohonen_kohSize60.txt, run3_cosDist_Map2_koh_withoutKohonen_kohSize60.txt, run3_cosDist_Map2_q_withoutKohonen_kohSize60.txt, 4058, 5947, 40.56%, 0, 0, 0.00%, 0, 0, 0.00%, 4058, 5947, 40.56%, 0, 0, 0.00%, 0, 0, 0.00%, 0, 0, 0.00%, 

[Map3 Map3 Map3 Map3 ], 5000, 5000, False, 0.3, 1, 0.5, 60, 60, 2, 0.5, 1, , , run3_cosDist_Map3_koh_withoutKohonen_kohSize60.txt, run3_cosDist_Map3_q_withoutKohonen_kohSize60.txt, 594, 19414, 2.97%, 0, 0, 0.00%, 0, 0, 0.00%, 0, 0, 0.00%, 594, 19414, 2.97%, 0, 0, 0.00%, 0, 0, 0.00%, 
[Map3 Map3 Map3 Map3 ], 5000, 5000, False, 0.3, 1, 0.5, 60, 60, 2, 0.25, 1, run3_cosDist_Map3_koh_withoutKohonen_kohSize60.txt, run3_cosDist_Map3_q_withoutKohonen_kohSize60.txt, run3_cosDist_Map3_koh_withoutKohonen_kohSize60.txt, run3_cosDist_Map3_q_withoutKohonen_kohSize60.txt, 885, 19121, 4.42%, 0, 0, 0.00%, 0, 0, 0.00%, 0, 0, 0.00%, 885, 19121, 4.42%, 0, 0, 0.00%, 0, 0, 0.00%, 
[Map3 Map3 Map3 Map3 ], 5000, 0, False, 0.2, 1, 0.3, 60, 60, 2, 0.25, 1, run3_cosDist_Map3_koh_withoutKohonen_kohSize60.txt, run3_cosDist_Map3_q_withoutKohonen_kohSize60.txt, run3_cosDist_Map3_koh_withoutKohonen_kohSize60.txt, run3_cosDist_Map3_q_withoutKohonen_kohSize60.txt, 1038, 18970, 5.19%, 0, 0, 0.00%, 0, 0, 0.00%, 0, 0, 0.00%, 1038, 18970, 5.19%, 0, 0, 0.00%, 0, 0, 0.00%, 
[Map3 Map3 Map3 Map3 ], 5000, 0, False, 0.1, 1, 0.25, 60, 60, 2, 0.25, 1, run3_cosDist_Map3_koh_withoutKohonen_kohSize60.txt, run3_cosDist_Map3_q_withoutKohonen_kohSize60.txt, run3_cosDist_Map3_koh_withoutKohonen_kohSize60.txt, run3_cosDist_Map3_q_withoutKohonen_kohSize60.txt, 1334, 18673, 6.67%, 0, 0, 0.00%, 0, 0, 0.00%, 0, 0, 0.00%, 1334, 18673, 6.67%, 0, 0, 0.00%, 0, 0, 0.00%, 
[Map3 Map3 Map3 Map3 ], 2500, 0, False, 0.0001, 1, 0.01, 60, 60, 2, 0.25, 1, run3_cosDist_Map3_koh_withoutKohonen_kohSize60.txt, run3_cosDist_Map3_q_withoutKohonen_kohSize60.txt, run3_cosDist_Map3_koh_withoutKohonen_kohSize60.txt, run3_cosDist_Map3_q_withoutKohonen_kohSize60.txt, 405, 9603, 4.05%, 0, 0, 0.00%, 0, 0, 0.00%, 0, 0, 0.00%, 405, 9603, 4.05%, 0, 0, 0.00%, 0, 0, 0.00%, 

[Map4 Map4 Map4 Map4 ], 5000, 5000, False, 0.3, 1, 0.5, 60, 60, 2, 0.5, 1, , , run3_cosDist_Map4_koh_withoutKohonen_kohSize60.txt, run3_cosDist_Map4_q_withoutKohonen_kohSize60.txt, 2047, 17960, 10.23%, 0, 0, 0.00%, 0, 0, 0.00%, 0, 0, 0.00%, 0, 0, 0.00%, 2047, 17960, 10.23%, 0, 0, 0.00%, 
[Map4 Map4 Map4 Map4 ], 5000, 5000, False, 0.3, 1, 0.5, 60, 60, 2, 0.25, 1, run3_cosDist_Map4_koh_withoutKohonen_kohSize60.txt, run3_cosDist_Map4_q_withoutKohonen_kohSize60.txt, run3_cosDist_Map4_koh_withoutKohonen_kohSize60.txt, run3_cosDist_Map4_q_withoutKohonen_kohSize60.txt, 2454, 17553, 12.27%, 0, 0, 0.00%, 0, 0, 0.00%, 0, 0, 0.00%, 0, 0, 0.00%, 2454, 17553, 12.27%, 0, 0, 0.00%, 
[Map4 Map4 Map4 Map4 ], 5000, 0, False, 0.2, 1, 0.3, 60, 60, 2, 0.25, 1, run3_cosDist_Map4_koh_withoutKohonen_kohSize60.txt, run3_cosDist_Map4_q_withoutKohonen_kohSize60.txt, run3_cosDist_Map4_koh_withoutKohonen_kohSize60.txt, run3_cosDist_Map4_q_withoutKohonen_kohSize60.txt, 4228, 15780, 21.13%, 0, 0, 0.00%, 0, 0, 0.00%, 0, 0, 0.00%, 0, 0, 0.00%, 4228, 15780, 21.13%, 0, 0, 0.00%, 
[Map4 Map4 Map4 Map4 ], 5000, 0, False, 0.1, 1, 0.25, 60, 60, 2, 0.25, 1, run3_cosDist_Map4_koh_withoutKohonen_kohSize60.txt, run3_cosDist_Map4_q_withoutKohonen_kohSize60.txt, run3_cosDist_Map4_koh_withoutKohonen_kohSize60.txt, run3_cosDist_Map4_q_withoutKohonen_kohSize60.txt, 4746, 15262, 23.72%, 0, 0, 0.00%, 0, 0, 0.00%, 0, 0, 0.00%, 0, 0, 0.00%, 4746, 15262, 23.72%, 0, 0, 0.00%, 
[Map4 Map4 Map4 Map4 ], 2500, 0, False, 0.0001, 1, 0.01, 60, 60, 2, 0.25, 1, run3_cosDist_Map4_koh_withoutKohonen_kohSize60.txt, run3_cosDist_Map4_q_withoutKohonen_kohSize60.txt, run3_cosDist_Map4_koh_withoutKohonen_kohSize60.txt, run3_cosDist_Map4_q_withoutKohonen_kohSize60.txt, 3577, 6430, 35.74%, 0, 0, 0.00%, 0, 0, 0.00%, 0, 0, 0.00%, 0, 0, 0.00%, 3577, 6430, 35.74%, 0, 0, 0.00%, 

[Map5 Map5 Map5 Map5 ], 5000, 5000, False, 0.3, 1, 0.5, 60, 60, 2, 0.5, 1, , , run3_cosDist_Map5_koh_withoutKohonen_kohSize60.txt, run3_cosDist_Map5_q_withoutKohonen_kohSize60.txt, 366, 19642, 1.83%, 0, 0, 0.00%, 0, 0, 0.00%, 0, 0, 0.00%, 0, 0, 0.00%, 0, 0, 0.00%, 366, 19642, 1.83%, 
[Map5 Map5 Map5 Map5 ], 5000, 5000, False, 0.3, 1, 0.5, 60, 60, 2, 0.25, 1, run3_cosDist_Map5_koh_withoutKohonen_kohSize60.txt, run3_cosDist_Map5_q_withoutKohonen_kohSize60.txt, run3_cosDist_Map5_koh_withoutKohonen_kohSize60.txt, run3_cosDist_Map5_q_withoutKohonen_kohSize60.txt, 456, 19552, 2.28%, 0, 0, 0.00%, 0, 0, 0.00%, 0, 0, 0.00%, 0, 0, 0.00%, 0, 0, 0.00%, 456, 19552, 2.28%, 
[Map5 Map5 Map5 Map5 ], 5000, 0, False, 0.2, 1, 0.3, 60, 60, 2, 0.25, 1, run3_cosDist_Map5_koh_withoutKohonen_kohSize60.txt, run3_cosDist_Map5_q_withoutKohonen_kohSize60.txt, run3_cosDist_Map5_koh_withoutKohonen_kohSize60.txt, run3_cosDist_Map5_q_withoutKohonen_kohSize60.txt, 557, 19450, 2.78%, 0, 0, 0.00%, 0, 0, 0.00%, 0, 0, 0.00%, 0, 0, 0.00%, 0, 0, 0.00%, 557, 19450, 2.78%, 
[Map5 Map5 Map5 Map5 ], 5000, 0, False, 0.1, 1, 0.25, 60, 60, 2, 0.25, 1, run3_cosDist_Map5_koh_withoutKohonen_kohSize60.txt, run3_cosDist_Map5_q_withoutKohonen_kohSize60.txt, run3_cosDist_Map5_koh_withoutKohonen_kohSize60.txt, run3_cosDist_Map5_q_withoutKohonen_kohSize60.txt, 808, 19199, 4.04%, 0, 0, 0.00%, 0, 0, 0.00%, 0, 0, 0.00%, 0, 0, 0.00%, 0, 0, 0.00%, 808, 19199, 4.04%, 
[Map5 Map5 Map5 Map5 ], 2500, 0, False, 0.0001, 1, 0.01, 60, 60, 2, 0.25, 1, run3_cosDist_Map5_koh_withoutKohonen_kohSize60.txt, run3_cosDist_Map5_q_withoutKohonen_kohSize60.txt, run3_cosDist_Map5_koh_withoutKohonen_kohSize60.txt, run3_cosDist_Map5_q_withoutKohonen_kohSize60.txt, 493, 9514, 4.93%, 0, 0, 0.00%, 0, 0, 0.00%, 0, 0, 0.00%, 0, 0, 0.00%, 0, 0, 0.00%, 493, 9514, 4.93%, 

[Map Map Map Map ], 5000, 5000, False, 0.3, 1, 0.5, 60, 60, 2, 0.5, 1, , , run3_cosDist_Map_koh_withKohonen_kohSize60.txt, run3_cosDist_Map_q_withKohonen_kohSize60.txt, 255, 19753, 1.27%, 255, 19753, 1.27%, 0, 0, 0.00%, 0, 0, 0.00%, 0, 0, 0.00%, 0, 0, 0.00%, 0, 0, 0.00%, 
[Map Map Map Map ], 5000, 5000, False, 0.3, 1, 0.5, 60, 60, 2, 0.25, 1, run3_cosDist_Map_koh_withKohonen_kohSize60.txt, run3_cosDist_Map_q_withKohonen_kohSize60.txt, run3_cosDist_Map_koh_withKohonen_kohSize60.txt, run3_cosDist_Map_q_withKohonen_kohSize60.txt, 342, 19666, 1.71%, 342, 19666, 1.71%, 0, 0, 0.00%, 0, 0, 0.00%, 0, 0, 0.00%, 0, 0, 0.00%, 0, 0, 0.00%, 
[Map Map Map Map ], 5000, 5000, False, 0.2, 1, 0.3, 60, 60, 2, 0.25, 1, run3_cosDist_Map_koh_withKohonen_kohSize60.txt, run3_cosDist_Map_q_withKohonen_kohSize60.txt, run3_cosDist_Map_koh_withKohonen_kohSize60.txt, run3_cosDist_Map_q_withKohonen_kohSize60.txt, 384, 19624, 1.92%, 384, 19624, 1.92%, 0, 0, 0.00%, 0, 0, 0.00%, 0, 0, 0.00%, 0, 0, 0.00%, 0, 0, 0.00%, 
[Map Map Map Map ], 5000, 5000, False, 0.1, 1, 0.25, 60, 60, 2, 0.25, 1, run3_cosDist_Map_koh_withKohonen_kohSize60.txt, run3_cosDist_Map_q_withKohonen_kohSize60.txt, run3_cosDist_Map_koh_withKohonen_kohSize60.txt, run3_cosDist_Map_q_withKohonen_kohSize60.txt, 473, 19535, 2.36%, 473, 19535, 2.36%, 0, 0, 0.00%, 0, 0, 0.00%, 0, 0, 0.00%, 0, 0, 0.00%, 0, 0, 0.00%, 
[Map Map Map Map ], 2500, 0, False, 0.0001, 1, 0.01, 60, 60, 2, 0.25, 1, run3_cosDist_Map_koh_withKohonen_kohSize60.txt, run3_cosDist_Map_q_withKohonen_kohSize60.txt, run3_cosDist_Map_koh_withKohonen_kohSize60.txt, run3_cosDist_Map_q_withKohonen_kohSize60.txt, 109, 9898, 1.09%, 109, 9898, 1.09%, 0, 0, 0.00%, 0, 0, 0.00%, 0, 0, 0.00%, 0, 0, 0.00%, 0, 0, 0.00%, 

[Map1 Map1 Map1 Map1 ], 5000, 5000, False, 0.3, 1, 0.5, 60, 60, 2, 0.5, 1, , , run3_cosDist_Map1_koh_withKohonen_kohSize60.txt, run3_cosDist_Map1_q_withKohonen_kohSize60.txt, 2036, 17971, 10.18%, 0, 0, 0.00%, 2036, 17971, 10.18%, 0, 0, 0.00%, 0, 0, 0.00%, 0, 0, 0.00%, 0, 0, 0.00%, 
[Map1 Map1 Map1 Map1 ], 5000, 5000, False, 0.3, 1, 0.5, 60, 60, 2, 0.25, 1, run3_cosDist_Map1_koh_withKohonen_kohSize60.txt, run3_cosDist_Map1_q_withKohonen_kohSize60.txt, run3_cosDist_Map1_koh_withKohonen_kohSize60.txt, run3_cosDist_Map1_q_withKohonen_kohSize60.txt, 2185, 17821, 10.92%, 0, 0, 0.00%, 2185, 17821, 10.92%, 0, 0, 0.00%, 0, 0, 0.00%, 0, 0, 0.00%, 0, 0, 0.00%, 
[Map1 Map1 Map1 Map1 ], 5000, 5000, False, 0.2, 1, 0.3, 60, 60, 2, 0.25, 1, run3_cosDist_Map1_koh_withKohonen_kohSize60.txt, run3_cosDist_Map1_q_withKohonen_kohSize60.txt, run3_cosDist_Map1_koh_withKohonen_kohSize60.txt, run3_cosDist_Map1_q_withKohonen_kohSize60.txt, 3720, 16285, 18.60%, 0, 0, 0.00%, 3720, 16285, 18.60%, 0, 0, 0.00%, 0, 0, 0.00%, 0, 0, 0.00%, 0, 0, 0.00%, 
[Map1 Map1 Map1 Map1 ], 5000, 5000, False, 0.1, 1, 0.25, 60, 60, 2, 0.25, 1, run3_cosDist_Map1_koh_withKohonen_kohSize60.txt, run3_cosDist_Map1_q_withKohonen_kohSize60.txt, run3_cosDist_Map1_koh_withKohonen_kohSize60.txt, run3_cosDist_Map1_q_withKohonen_kohSize60.txt, 4814, 15191, 24.06%, 0, 0, 0.00%, 4814, 15191, 24.06%, 0, 0, 0.00%, 0, 0, 0.00%, 0, 0, 0.00%, 0, 0, 0.00%, 
[Map1 Map1 Map1 Map1 ], 2500, 0, False, 0.0001, 1, 0.01, 60, 60, 2, 0.25, 1, run3_cosDist_Map1_koh_withKohonen_kohSize60.txt, run3_cosDist_Map1_q_withKohonen_kohSize60.txt, run3_cosDist_Map1_koh_withKohonen_kohSize60.txt, run3_cosDist_Map1_q_withKohonen_kohSize60.txt, 3485, 6522, 34.83%, 0, 0, 0.00%, 3485, 6522, 34.83%, 0, 0, 0.00%, 0, 0, 0.00%, 0, 0, 0.00%, 0, 0, 0.00%, 

[Map2 Map2 Map2 Map2 ], 5000, 5000, False, 0.3, 1, 0.5, 60, 60, 2, 0.5, 1, , , run3_cosDist_Map2_koh_withKohonen_kohSize60.txt, run3_cosDist_Map2_q_withKohonen_kohSize60.txt, 1326, 18680, 6.63%, 0, 0, 0.00%, 0, 0, 0.00%, 1326, 18680, 6.63%, 0, 0, 0.00%, 0, 0, 0.00%, 0, 0, 0.00%, 
[Map2 Map2 Map2 Map2 ], 5000, 5000, False, 0.3, 1, 0.5, 60, 60, 2, 0.25, 1, run3_cosDist_Map2_koh_withKohonen_kohSize60.txt, run3_cosDist_Map2_q_withKohonen_kohSize60.txt, run3_cosDist_Map2_koh_withKohonen_kohSize60.txt, run3_cosDist_Map2_q_withKohonen_kohSize60.txt, 1468, 18540, 7.34%, 0, 0, 0.00%, 0, 0, 0.00%, 1468, 18540, 7.34%, 0, 0, 0.00%, 0, 0, 0.00%, 0, 0, 0.00%, 
[Map2 Map2 Map2 Map2 ], 5000, 5000, False, 0.2, 1, 0.3, 60, 60, 2, 0.25, 1, run3_cosDist_Map2_koh_withKohonen_kohSize60.txt, run3_cosDist_Map2_q_withKohonen_kohSize60.txt, run3_cosDist_Map2_koh_withKohonen_kohSize60.txt, run3_cosDist_Map2_q_withKohonen_kohSize60.txt, 2150, 17858, 10.75%, 0, 0, 0.00%, 0, 0, 0.00%, 2150, 17858, 10.75%, 0, 0, 0.00%, 0, 0, 0.00%, 0, 0, 0.00%, 
[Map2 Map2 Map2 Map2 ], 5000, 5000, False, 0.1, 1, 0.25, 60, 60, 2, 0.25, 1, run3_cosDist_Map2_koh_withKohonen_kohSize60.txt, run3_cosDist_Map2_q_withKohonen_kohSize60.txt, run3_cosDist_Map2_koh_withKohonen_kohSize60.txt, run3_cosDist_Map2_q_withKohonen_kohSize60.txt, 2441, 17566, 12.20%, 0, 0, 0.00%, 0, 0, 0.00%, 2441, 17566, 12.20%, 0, 0, 0.00%, 0, 0, 0.00%, 0, 0, 0.00%, 
[Map2 Map2 Map2 Map2 ], 2500, 0, False, 0.0001, 1, 0.01, 60, 60, 2, 0.25, 1, run3_cosDist_Map2_koh_withKohonen_kohSize60.txt, run3_cosDist_Map2_q_withKohonen_kohSize60.txt, run3_cosDist_Map2_koh_withKohonen_kohSize60.txt, run3_cosDist_Map2_q_withKohonen_kohSize60.txt, 1384, 8623, 13.83%, 0, 0, 0.00%, 0, 0, 0.00%, 1384, 8623, 13.83%, 0, 0, 0.00%, 0, 0, 0.00%, 0, 0, 0.00%, 

[Map3 Map3 Map3 Map3 ], 5000, 5000, False, 0.3, 1, 0.5, 60, 60, 2, 0.5, 1, , , run3_cosDist_Map3_koh_withKohonen_kohSize60.txt, run3_cosDist_Map3_q_withKohonen_kohSize60.txt, 666, 19341, 3.33%, 0, 0, 0.00%, 0, 0, 0.00%, 0, 0, 0.00%, 666, 19341, 3.33%, 0, 0, 0.00%, 0, 0, 0.00%, 
[Map3 Map3 Map3 Map3 ], 5000, 5000, False, 0.3, 1, 0.5, 60, 60, 2, 0.25, 1, run3_cosDist_Map3_koh_withKohonen_kohSize60.txt, run3_cosDist_Map3_q_withKohonen_kohSize60.txt, run3_cosDist_Map3_koh_withKohonen_kohSize60.txt, run3_cosDist_Map3_q_withKohonen_kohSize60.txt, 869, 19138, 4.34%, 0, 0, 0.00%, 0, 0, 0.00%, 0, 0, 0.00%, 869, 19138, 4.34%, 0, 0, 0.00%, 0, 0, 0.00%, 
[Map3 Map3 Map3 Map3 ], 5000, 5000, False, 0.2, 1, 0.3, 60, 60, 2, 0.25, 1, run3_cosDist_Map3_koh_withKohonen_kohSize60.txt, run3_cosDist_Map3_q_withKohonen_kohSize60.txt, run3_cosDist_Map3_koh_withKohonen_kohSize60.txt, run3_cosDist_Map3_q_withKohonen_kohSize60.txt, 1248, 18759, 6.24%, 0, 0, 0.00%, 0, 0, 0.00%, 0, 0, 0.00%, 1248, 18759, 6.24%, 0, 0, 0.00%, 0, 0, 0.00%, 
[Map3 Map3 Map3 Map3 ], 5000, 5000, False, 0.1, 1, 0.25, 60, 60, 2, 0.25, 1, run3_cosDist_Map3_koh_withKohonen_kohSize60.txt, run3_cosDist_Map3_q_withKohonen_kohSize60.txt, run3_cosDist_Map3_koh_withKohonen_kohSize60.txt, run3_cosDist_Map3_q_withKohonen_kohSize60.txt, 1572, 18436, 7.86%, 0, 0, 0.00%, 0, 0, 0.00%, 0, 0, 0.00%, 1572, 18436, 7.86%, 0, 0, 0.00%, 0, 0, 0.00%, 
[Map3 Map3 Map3 Map3 ], 2500, 0, False, 0.0001, 1, 0.01, 60, 60, 2, 0.25, 1, run3_cosDist_Map3_koh_withKohonen_kohSize60.txt, run3_cosDist_Map3_q_withKohonen_kohSize60.txt, run3_cosDist_Map3_koh_withKohonen_kohSize60.txt, run3_cosDist_Map3_q_withKohonen_kohSize60.txt, 2671, 7335, 26.69%, 0, 0, 0.00%, 0, 0, 0.00%, 0, 0, 0.00%, 2671, 7335, 26.69%, 0, 0, 0.00%, 0, 0, 0.00%, 

[Map4 Map4 Map4 Map4 ], 5000, 5000, False, 0.3, 1, 0.5, 60, 60, 2, 0.5, 1, , , run3_cosDist_Map4_koh_withKohonen_kohSize60.txt, run3_cosDist_Map4_q_withKohonen_kohSize60.txt, 2041, 17967, 10.20%, 0, 0, 0.00%, 0, 0, 0.00%, 0, 0, 0.00%, 0, 0, 0.00%, 2041, 17967, 10.20%, 0, 0, 0.00%, 
[Map4 Map4 Map4 Map4 ], 5000, 5000, False, 0.3, 1, 0.5, 60, 60, 2, 0.25, 1, run3_cosDist_Map4_koh_withKohonen_kohSize60.txt, run3_cosDist_Map4_q_withKohonen_kohSize60.txt, run3_cosDist_Map4_koh_withKohonen_kohSize60.txt, run3_cosDist_Map4_q_withKohonen_kohSize60.txt, 2388, 17618, 11.94%, 0, 0, 0.00%, 0, 0, 0.00%, 0, 0, 0.00%, 0, 0, 0.00%, 2388, 17618, 11.94%, 0, 0, 0.00%, 
[Map4 Map4 Map4 Map4 ], 5000, 5000, False, 0.2, 1, 0.3, 60, 60, 2, 0.25, 1, run3_cosDist_Map4_koh_withKohonen_kohSize60.txt, run3_cosDist_Map4_q_withKohonen_kohSize60.txt, run3_cosDist_Map4_koh_withKohonen_kohSize60.txt, run3_cosDist_Map4_q_withKohonen_kohSize60.txt, 3676, 16332, 18.37%, 0, 0, 0.00%, 0, 0, 0.00%, 0, 0, 0.00%, 0, 0, 0.00%, 3676, 16332, 18.37%, 0, 0, 0.00%, 
[Map4 Map4 Map4 Map4 ], 5000, 5000, False, 0.1, 1, 0.25, 60, 60, 2, 0.25, 1, run3_cosDist_Map4_koh_withKohonen_kohSize60.txt, run3_cosDist_Map4_q_withKohonen_kohSize60.txt, run3_cosDist_Map4_koh_withKohonen_kohSize60.txt, run3_cosDist_Map4_q_withKohonen_kohSize60.txt, 4230, 15777, 21.14%, 0, 0, 0.00%, 0, 0, 0.00%, 0, 0, 0.00%, 0, 0, 0.00%, 4230, 15777, 21.14%, 0, 0, 0.00%, 
[Map4 Map4 Map4 Map4 ], 2500, 0, False, 0.0001, 1, 0.01, 60, 60, 2, 0.25, 1, run3_cosDist_Map4_koh_withKohonen_kohSize60.txt, run3_cosDist_Map4_q_withKohonen_kohSize60.txt, run3_cosDist_Map4_koh_withKohonen_kohSize60.txt, run3_cosDist_Map4_q_withKohonen_kohSize60.txt, 2835, 7172, 28.33%, 0, 0, 0.00%, 0, 0, 0.00%, 0, 0, 0.00%, 0, 0, 0.00%, 2835, 7172, 28.33%, 0, 0, 0.00%, 

[Map5 Map5 Map5 Map5 ], 5000, 5000, False, 0.3, 1, 0.5, 60, 60, 2, 0.5, 1, , , run3_cosDist_Map5_koh_withKohonen_kohSize60.txt, run3_cosDist_Map5_q_withKohonen_kohSize60.txt, 368, 19639, 1.84%, 0, 0, 0.00%, 0, 0, 0.00%, 0, 0, 0.00%, 0, 0, 0.00%, 0, 0, 0.00%, 368, 19639, 1.84%, 
[Map5 Map5 Map5 Map5 ], 5000, 5000, False, 0.3, 1, 0.5, 60, 60, 2, 0.25, 1, run3_cosDist_Map5_koh_withKohonen_kohSize60.txt, run3_cosDist_Map5_q_withKohonen_kohSize60.txt, run3_cosDist_Map5_koh_withKohonen_kohSize60.txt, run3_cosDist_Map5_q_withKohonen_kohSize60.txt, 360, 19648, 1.80%, 0, 0, 0.00%, 0, 0, 0.00%, 0, 0, 0.00%, 0, 0, 0.00%, 0, 0, 0.00%, 360, 19648, 1.80%, 
[Map5 Map5 Map5 Map5 ], 5000, 5000, False, 0.2, 1, 0.3, 60, 60, 2, 0.25, 1, run3_cosDist_Map5_koh_withKohonen_kohSize60.txt, run3_cosDist_Map5_q_withKohonen_kohSize60.txt, run3_cosDist_Map5_koh_withKohonen_kohSize60.txt, run3_cosDist_Map5_q_withKohonen_kohSize60.txt, 620, 19388, 3.10%, 0, 0, 0.00%, 0, 0, 0.00%, 0, 0, 0.00%, 0, 0, 0.00%, 0, 0, 0.00%, 620, 19388, 3.10%, 
[Map5 Map5 Map5 Map5 ], 5000, 5000, False, 0.1, 1, 0.25, 60, 60, 2, 0.25, 1, run3_cosDist_Map5_koh_withKohonen_kohSize60.txt, run3_cosDist_Map5_q_withKohonen_kohSize60.txt, run3_cosDist_Map5_koh_withKohonen_kohSize60.txt, run3_cosDist_Map5_q_withKohonen_kohSize60.txt, 694, 19313, 3.47%, 0, 0, 0.00%, 0, 0, 0.00%, 0, 0, 0.00%, 0, 0, 0.00%, 0, 0, 0.00%, 694, 19313, 3.47%, 
[Map5 Map5 Map5 Map5 ], 2500, 0, False, 0.0001, 1, 0.01, 60, 60, 2, 0.25, 1, run3_cosDist_Map5_koh_withKohonen_kohSize60.txt, run3_cosDist_Map5_q_withKohonen_kohSize60.txt, run3_cosDist_Map5_koh_withKohonen_kohSize60.txt, run3_cosDist_Map5_q_withKohonen_kohSize60.txt, 590, 9418, 5.90%, 0, 0, 0.00%, 0, 0, 0.00%, 0, 0, 0.00%, 0, 0, 0.00%, 0, 0, 0.00%, 590, 9418, 5.90%, 

[Map Map Map Map ], 5000, 5000, False, 0.3, 1, 0.5, 60, 60, 2, 0.5, 1, , , run4_cosDist_Map_koh_withoutKohonen_kohSize60.txt, run4_cosDist_Map_q_withoutKohonen_kohSize60.txt, 276, 19732, 1.38%, 276, 19732, 1.38%, 0, 0, 0.00%, 0, 0, 0.00%, 0, 0, 0.00%, 0, 0, 0.00%, 0, 0, 0.00%, 
[Map Map Map Map ], 5000, 5000, False, 0.3, 1, 0.5, 60, 60, 2, 0.25, 1, run4_cosDist_Map_koh_withoutKohonen_kohSize60.txt, run4_cosDist_Map_q_withoutKohonen_kohSize60.txt, run4_cosDist_Map_koh_withoutKohonen_kohSize60.txt, run4_cosDist_Map_q_withoutKohonen_kohSize60.txt, 234, 19774, 1.17%, 234, 19774, 1.17%, 0, 0, 0.00%, 0, 0, 0.00%, 0, 0, 0.00%, 0, 0, 0.00%, 0, 0, 0.00%, 
[Map Map Map Map ], 5000, 0, False, 0.2, 1, 0.3, 60, 60, 2, 0.25, 1, run4_cosDist_Map_koh_withoutKohonen_kohSize60.txt, run4_cosDist_Map_q_withoutKohonen_kohSize60.txt, run4_cosDist_Map_koh_withoutKohonen_kohSize60.txt, run4_cosDist_Map_q_withoutKohonen_kohSize60.txt, 522, 19486, 2.61%, 522, 19486, 2.61%, 0, 0, 0.00%, 0, 0, 0.00%, 0, 0, 0.00%, 0, 0, 0.00%, 0, 0, 0.00%, 
[Map Map Map Map ], 5000, 0, False, 0.1, 1, 0.25, 60, 60, 2, 0.25, 1, run4_cosDist_Map_koh_withoutKohonen_kohSize60.txt, run4_cosDist_Map_q_withoutKohonen_kohSize60.txt, run4_cosDist_Map_koh_withoutKohonen_kohSize60.txt, run4_cosDist_Map_q_withoutKohonen_kohSize60.txt, 652, 19355, 3.26%, 652, 19355, 3.26%, 0, 0, 0.00%, 0, 0, 0.00%, 0, 0, 0.00%, 0, 0, 0.00%, 0, 0, 0.00%, 
[Map Map Map Map ], 2500, 0, False, 0.0001, 1, 0.01, 60, 60, 2, 0.25, 1, run4_cosDist_Map_koh_withoutKohonen_kohSize60.txt, run4_cosDist_Map_q_withoutKohonen_kohSize60.txt, run4_cosDist_Map_koh_withoutKohonen_kohSize60.txt, run4_cosDist_Map_q_withoutKohonen_kohSize60.txt, 1, 10007, 0.01%, 1, 10007, 0.01%, 0, 0, 0.00%, 0, 0, 0.00%, 0, 0, 0.00%, 0, 0, 0.00%, 0, 0, 0.00%, 

[Map1 Map1 Map1 Map1 ], 5000, 5000, False, 0.3, 1, 0.5, 60, 60, 2, 0.5, 1, , , run4_cosDist_Map1_koh_withoutKohonen_kohSize60.txt, run4_cosDist_Map1_q_withoutKohonen_kohSize60.txt, 2001, 18006, 10.00%, 0, 0, 0.00%, 2001, 18006, 10.00%, 0, 0, 0.00%, 0, 0, 0.00%, 0, 0, 0.00%, 0, 0, 0.00%, 
[Map1 Map1 Map1 Map1 ], 5000, 5000, False, 0.3, 1, 0.5, 60, 60, 2, 0.25, 1, run4_cosDist_Map1_koh_withoutKohonen_kohSize60.txt, run4_cosDist_Map1_q_withoutKohonen_kohSize60.txt, run4_cosDist_Map1_koh_withoutKohonen_kohSize60.txt, run4_cosDist_Map1_q_withoutKohonen_kohSize60.txt, 2306, 17699, 11.53%, 0, 0, 0.00%, 2306, 17699, 11.53%, 0, 0, 0.00%, 0, 0, 0.00%, 0, 0, 0.00%, 0, 0, 0.00%, 
[Map1 Map1 Map1 Map1 ], 5000, 0, False, 0.2, 1, 0.3, 60, 60, 2, 0.25, 1, run4_cosDist_Map1_koh_withoutKohonen_kohSize60.txt, run4_cosDist_Map1_q_withoutKohonen_kohSize60.txt, run4_cosDist_Map1_koh_withoutKohonen_kohSize60.txt, run4_cosDist_Map1_q_withoutKohonen_kohSize60.txt, 4193, 15813, 20.96%, 0, 0, 0.00%, 4193, 15813, 20.96%, 0, 0, 0.00%, 0, 0, 0.00%, 0, 0, 0.00%, 0, 0, 0.00%, 
[Map1 Map1 Map1 Map1 ], 5000, 0, False, 0.1, 1, 0.25, 60, 60, 2, 0.25, 1, run4_cosDist_Map1_koh_withoutKohonen_kohSize60.txt, run4_cosDist_Map1_q_withoutKohonen_kohSize60.txt, run4_cosDist_Map1_koh_withoutKohonen_kohSize60.txt, run4_cosDist_Map1_q_withoutKohonen_kohSize60.txt, 5128, 14880, 25.63%, 0, 0, 0.00%, 5128, 14880, 25.63%, 0, 0, 0.00%, 0, 0, 0.00%, 0, 0, 0.00%, 0, 0, 0.00%, 
[Map1 Map1 Map1 Map1 ], 2500, 0, False, 0.0001, 1, 0.01, 60, 60, 2, 0.25, 1, run4_cosDist_Map1_koh_withoutKohonen_kohSize60.txt, run4_cosDist_Map1_q_withoutKohonen_kohSize60.txt, run4_cosDist_Map1_koh_withoutKohonen_kohSize60.txt, run4_cosDist_Map1_q_withoutKohonen_kohSize60.txt, 3957, 6049, 39.55%, 0, 0, 0.00%, 3957, 6049, 39.55%, 0, 0, 0.00%, 0, 0, 0.00%, 0, 0, 0.00%, 0, 0, 0.00%, 

[Map2 Map2 Map2 Map2 ], 5000, 5000, False, 0.3, 1, 0.5, 60, 60, 2, 0.5, 1, , , run4_cosDist_Map2_koh_withoutKohonen_kohSize60.txt, run4_cosDist_Map2_q_withoutKohonen_kohSize60.txt, 1343, 18662, 6.71%, 0, 0, 0.00%, 0, 0, 0.00%, 1343, 18662, 6.71%, 0, 0, 0.00%, 0, 0, 0.00%, 0, 0, 0.00%, 
[Map2 Map2 Map2 Map2 ], 5000, 5000, False, 0.3, 1, 0.5, 60, 60, 2, 0.25, 1, run4_cosDist_Map2_koh_withoutKohonen_kohSize60.txt, run4_cosDist_Map2_q_withoutKohonen_kohSize60.txt, run4_cosDist_Map2_koh_withoutKohonen_kohSize60.txt, run4_cosDist_Map2_q_withoutKohonen_kohSize60.txt, 1430, 18577, 7.15%, 0, 0, 0.00%, 0, 0, 0.00%, 1430, 18577, 7.15%, 0, 0, 0.00%, 0, 0, 0.00%, 0, 0, 0.00%, 
[Map2 Map2 Map2 Map2 ], 5000, 0, False, 0.2, 1, 0.3, 60, 60, 2, 0.25, 1, run4_cosDist_Map2_koh_withoutKohonen_kohSize60.txt, run4_cosDist_Map2_q_withoutKohonen_kohSize60.txt, run4_cosDist_Map2_koh_withoutKohonen_kohSize60.txt, run4_cosDist_Map2_q_withoutKohonen_kohSize60.txt, 2926, 17081, 14.62%, 0, 0, 0.00%, 0, 0, 0.00%, 2926, 17081, 14.62%, 0, 0, 0.00%, 0, 0, 0.00%, 0, 0, 0.00%, 
[Map2 Map2 Map2 Map2 ], 5000, 0, False, 0.1, 1, 0.25, 60, 60, 2, 0.25, 1, run4_cosDist_Map2_koh_withoutKohonen_kohSize60.txt, run4_cosDist_Map2_q_withoutKohonen_kohSize60.txt, run4_cosDist_Map2_koh_withoutKohonen_kohSize60.txt, run4_cosDist_Map2_q_withoutKohonen_kohSize60.txt, 3720, 16286, 18.59%, 0, 0, 0.00%, 0, 0, 0.00%, 3720, 16286, 18.59%, 0, 0, 0.00%, 0, 0, 0.00%, 0, 0, 0.00%, 
[Map2 Map2 Map2 Map2 ], 2500, 0, False, 0.0001, 1, 0.01, 60, 60, 2, 0.25, 1, run4_cosDist_Map2_koh_withoutKohonen_kohSize60.txt, run4_cosDist_Map2_q_withoutKohonen_kohSize60.txt, run4_cosDist_Map2_koh_withoutKohonen_kohSize60.txt, run4_cosDist_Map2_q_withoutKohonen_kohSize60.txt, 3183, 6824, 31.81%, 0, 0, 0.00%, 0, 0, 0.00%, 3183, 6824, 31.81%, 0, 0, 0.00%, 0, 0, 0.00%, 0, 0, 0.00%, 

[Map3 Map3 Map3 Map3 ], 5000, 5000, False, 0.3, 1, 0.5, 60, 60, 2, 0.5, 1, , , run4_cosDist_Map3_koh_withoutKohonen_kohSize60.txt, run4_cosDist_Map3_q_withoutKohonen_kohSize60.txt, 647, 19360, 3.23%, 0, 0, 0.00%, 0, 0, 0.00%, 0, 0, 0.00%, 647, 19360, 3.23%, 0, 0, 0.00%, 0, 0, 0.00%, 
[Map3 Map3 Map3 Map3 ], 5000, 5000, False, 0.3, 1, 0.5, 60, 60, 2, 0.25, 1, run4_cosDist_Map3_koh_withoutKohonen_kohSize60.txt, run4_cosDist_Map3_q_withoutKohonen_kohSize60.txt, run4_cosDist_Map3_koh_withoutKohonen_kohSize60.txt, run4_cosDist_Map3_q_withoutKohonen_kohSize60.txt, 819, 19188, 4.09%, 0, 0, 0.00%, 0, 0, 0.00%, 0, 0, 0.00%, 819, 19188, 4.09%, 0, 0, 0.00%, 0, 0, 0.00%, 
[Map3 Map3 Map3 Map3 ], 5000, 0, False, 0.2, 1, 0.3, 60, 60, 2, 0.25, 1, run4_cosDist_Map3_koh_withoutKohonen_kohSize60.txt, run4_cosDist_Map3_q_withoutKohonen_kohSize60.txt, run4_cosDist_Map3_koh_withoutKohonen_kohSize60.txt, run4_cosDist_Map3_q_withoutKohonen_kohSize60.txt, 1975, 18033, 9.87%, 0, 0, 0.00%, 0, 0, 0.00%, 0, 0, 0.00%, 1975, 18033, 9.87%, 0, 0, 0.00%, 0, 0, 0.00%, 
[Map3 Map3 Map3 Map3 ], 5000, 0, False, 0.1, 1, 0.25, 60, 60, 2, 0.25, 1, run4_cosDist_Map3_koh_withoutKohonen_kohSize60.txt, run4_cosDist_Map3_q_withoutKohonen_kohSize60.txt, run4_cosDist_Map3_koh_withoutKohonen_kohSize60.txt, run4_cosDist_Map3_q_withoutKohonen_kohSize60.txt, 2776, 17231, 13.88%, 0, 0, 0.00%, 0, 0, 0.00%, 0, 0, 0.00%, 2776, 17231, 13.88%, 0, 0, 0.00%, 0, 0, 0.00%, 
[Map3 Map3 Map3 Map3 ], 2500, 0, False, 0.0001, 1, 0.01, 60, 60, 2, 0.25, 1, run4_cosDist_Map3_koh_withoutKohonen_kohSize60.txt, run4_cosDist_Map3_q_withoutKohonen_kohSize60.txt, run4_cosDist_Map3_koh_withoutKohonen_kohSize60.txt, run4_cosDist_Map3_q_withoutKohonen_kohSize60.txt, 3116, 6892, 31.14%, 0, 0, 0.00%, 0, 0, 0.00%, 0, 0, 0.00%, 3116, 6892, 31.14%, 0, 0, 0.00%, 0, 0, 0.00%, 

[Map4 Map4 Map4 Map4 ], 5000, 5000, False, 0.3, 1, 0.5, 60, 60, 2, 0.5, 1, , , run4_cosDist_Map4_koh_withoutKohonen_kohSize60.txt, run4_cosDist_Map4_q_withoutKohonen_kohSize60.txt, 2143, 17865, 10.71%, 0, 0, 0.00%, 0, 0, 0.00%, 0, 0, 0.00%, 0, 0, 0.00%, 2143, 17865, 10.71%, 0, 0, 0.00%, 
[Map4 Map4 Map4 Map4 ], 5000, 5000, False, 0.3, 1, 0.5, 60, 60, 2, 0.25, 1, run4_cosDist_Map4_koh_withoutKohonen_kohSize60.txt, run4_cosDist_Map4_q_withoutKohonen_kohSize60.txt, run4_cosDist_Map4_koh_withoutKohonen_kohSize60.txt, run4_cosDist_Map4_q_withoutKohonen_kohSize60.txt, 2379, 17629, 11.89%, 0, 0, 0.00%, 0, 0, 0.00%, 0, 0, 0.00%, 0, 0, 0.00%, 2379, 17629, 11.89%, 0, 0, 0.00%, 
[Map4 Map4 Map4 Map4 ], 5000, 0, False, 0.2, 1, 0.3, 60, 60, 2, 0.25, 1, run4_cosDist_Map4_koh_withoutKohonen_kohSize60.txt, run4_cosDist_Map4_q_withoutKohonen_kohSize60.txt, run4_cosDist_Map4_koh_withoutKohonen_kohSize60.txt, run4_cosDist_Map4_q_withoutKohonen_kohSize60.txt, 3752, 16256, 18.75%, 0, 0, 0.00%, 0, 0, 0.00%, 0, 0, 0.00%, 0, 0, 0.00%, 3752, 16256, 18.75%, 0, 0, 0.00%, 
[Map4 Map4 Map4 Map4 ], 5000, 0, False, 0.1, 1, 0.25, 60, 60, 2, 0.25, 1, run4_cosDist_Map4_koh_withoutKohonen_kohSize60.txt, run4_cosDist_Map4_q_withoutKohonen_kohSize60.txt, run4_cosDist_Map4_koh_withoutKohonen_kohSize60.txt, run4_cosDist_Map4_q_withoutKohonen_kohSize60.txt, 4095, 15913, 20.47%, 0, 0, 0.00%, 0, 0, 0.00%, 0, 0, 0.00%, 0, 0, 0.00%, 4095, 15913, 20.47%, 0, 0, 0.00%, 
[Map4 Map4 Map4 Map4 ], 2500, 0, False, 0.0001, 1, 0.01, 60, 60, 2, 0.25, 1, run4_cosDist_Map4_koh_withoutKohonen_kohSize60.txt, run4_cosDist_Map4_q_withoutKohonen_kohSize60.txt, run4_cosDist_Map4_koh_withoutKohonen_kohSize60.txt, run4_cosDist_Map4_q_withoutKohonen_kohSize60.txt, 3030, 6978, 30.28%, 0, 0, 0.00%, 0, 0, 0.00%, 0, 0, 0.00%, 0, 0, 0.00%, 3030, 6978, 30.28%, 0, 0, 0.00%, 

[Map5 Map5 Map5 Map5 ], 5000, 5000, False, 0.3, 1, 0.5, 60, 60, 2, 0.5, 1, , , run4_cosDist_Map5_koh_withoutKohonen_kohSize60.txt, run4_cosDist_Map5_q_withoutKohonen_kohSize60.txt, 354, 19654, 1.77%, 0, 0, 0.00%, 0, 0, 0.00%, 0, 0, 0.00%, 0, 0, 0.00%, 0, 0, 0.00%, 354, 19654, 1.77%, 
[Map5 Map5 Map5 Map5 ], 5000, 5000, False, 0.3, 1, 0.5, 60, 60, 2, 0.25, 1, run4_cosDist_Map5_koh_withoutKohonen_kohSize60.txt, run4_cosDist_Map5_q_withoutKohonen_kohSize60.txt, run4_cosDist_Map5_koh_withoutKohonen_kohSize60.txt, run4_cosDist_Map5_q_withoutKohonen_kohSize60.txt, 464, 19542, 2.32%, 0, 0, 0.00%, 0, 0, 0.00%, 0, 0, 0.00%, 0, 0, 0.00%, 0, 0, 0.00%, 464, 19542, 2.32%, 
[Map5 Map5 Map5 Map5 ], 5000, 0, False, 0.2, 1, 0.3, 60, 60, 2, 0.25, 1, run4_cosDist_Map5_koh_withoutKohonen_kohSize60.txt, run4_cosDist_Map5_q_withoutKohonen_kohSize60.txt, run4_cosDist_Map5_koh_withoutKohonen_kohSize60.txt, run4_cosDist_Map5_q_withoutKohonen_kohSize60.txt, 1004, 19003, 5.02%, 0, 0, 0.00%, 0, 0, 0.00%, 0, 0, 0.00%, 0, 0, 0.00%, 0, 0, 0.00%, 1004, 19003, 5.02%, 
[Map5 Map5 Map5 Map5 ], 5000, 0, False, 0.1, 1, 0.25, 60, 60, 2, 0.25, 1, run4_cosDist_Map5_koh_withoutKohonen_kohSize60.txt, run4_cosDist_Map5_q_withoutKohonen_kohSize60.txt, run4_cosDist_Map5_koh_withoutKohonen_kohSize60.txt, run4_cosDist_Map5_q_withoutKohonen_kohSize60.txt, 718, 19290, 3.59%, 0, 0, 0.00%, 0, 0, 0.00%, 0, 0, 0.00%, 0, 0, 0.00%, 0, 0, 0.00%, 718, 19290, 3.59%, 
[Map5 Map5 Map5 Map5 ], 2500, 0, False, 0.0001, 1, 0.01, 60, 60, 2, 0.25, 1, run4_cosDist_Map5_koh_withoutKohonen_kohSize60.txt, run4_cosDist_Map5_q_withoutKohonen_kohSize60.txt, run4_cosDist_Map5_koh_withoutKohonen_kohSize60.txt, run4_cosDist_Map5_q_withoutKohonen_kohSize60.txt, 818, 9189, 8.17%, 0, 0, 0.00%, 0, 0, 0.00%, 0, 0, 0.00%, 0, 0, 0.00%, 0, 0, 0.00%, 818, 9189, 8.17%, 

[Map Map Map Map ], 5000, 5000, False, 0.3, 1, 0.5, 60, 60, 2, 0.5, 1, , , run4_cosDist_Map_koh_withKohonen_kohSize60.txt, run4_cosDist_Map_q_withKohonen_kohSize60.txt, 205, 19802, 1.02%, 205, 19802, 1.02%, 0, 0, 0.00%, 0, 0, 0.00%, 0, 0, 0.00%, 0, 0, 0.00%, 0, 0, 0.00%, 
[Map Map Map Map ], 5000, 5000, False, 0.3, 1, 0.5, 60, 60, 2, 0.25, 1, run4_cosDist_Map_koh_withKohonen_kohSize60.txt, run4_cosDist_Map_q_withKohonen_kohSize60.txt, run4_cosDist_Map_koh_withKohonen_kohSize60.txt, run4_cosDist_Map_q_withKohonen_kohSize60.txt, 261, 19747, 1.30%, 261, 19747, 1.30%, 0, 0, 0.00%, 0, 0, 0.00%, 0, 0, 0.00%, 0, 0, 0.00%, 0, 0, 0.00%, 
[Map Map Map Map ], 5000, 5000, False, 0.2, 1, 0.3, 60, 60, 2, 0.25, 1, run4_cosDist_Map_koh_withKohonen_kohSize60.txt, run4_cosDist_Map_q_withKohonen_kohSize60.txt, run4_cosDist_Map_koh_withKohonen_kohSize60.txt, run4_cosDist_Map_q_withKohonen_kohSize60.txt, 472, 19536, 2.36%, 472, 19536, 2.36%, 0, 0, 0.00%, 0, 0, 0.00%, 0, 0, 0.00%, 0, 0, 0.00%, 0, 0, 0.00%, 
[Map Map Map Map ], 5000, 5000, False, 0.1, 1, 0.25, 60, 60, 2, 0.25, 1, run4_cosDist_Map_koh_withKohonen_kohSize60.txt, run4_cosDist_Map_q_withKohonen_kohSize60.txt, run4_cosDist_Map_koh_withKohonen_kohSize60.txt, run4_cosDist_Map_q_withKohonen_kohSize60.txt, 443, 19565, 2.21%, 443, 19565, 2.21%, 0, 0, 0.00%, 0, 0, 0.00%, 0, 0, 0.00%, 0, 0, 0.00%, 0, 0, 0.00%, 
[Map Map Map Map ], 2500, 0, False, 0.0001, 1, 0.01, 60, 60, 2, 0.25, 1, run4_cosDist_Map_koh_withKohonen_kohSize60.txt, run4_cosDist_Map_q_withKohonen_kohSize60.txt, run4_cosDist_Map_koh_withKohonen_kohSize60.txt, run4_cosDist_Map_q_withKohonen_kohSize60.txt, 399, 9608, 3.99%, 399, 9608, 3.99%, 0, 0, 0.00%, 0, 0, 0.00%, 0, 0, 0.00%, 0, 0, 0.00%, 0, 0, 0.00%, 

[Map1 Map1 Map1 Map1 ], 5000, 5000, False, 0.3, 1, 0.5, 60, 60, 2, 0.5, 1, , , run4_cosDist_Map1_koh_withKohonen_kohSize60.txt, run4_cosDist_Map1_q_withKohonen_kohSize60.txt, 2157, 17850, 10.78%, 0, 0, 0.00%, 2157, 17850, 10.78%, 0, 0, 0.00%, 0, 0, 0.00%, 0, 0, 0.00%, 0, 0, 0.00%, 
[Map1 Map1 Map1 Map1 ], 5000, 5000, False, 0.3, 1, 0.5, 60, 60, 2, 0.25, 1, run4_cosDist_Map1_koh_withKohonen_kohSize60.txt, run4_cosDist_Map1_q_withKohonen_kohSize60.txt, run4_cosDist_Map1_koh_withKohonen_kohSize60.txt, run4_cosDist_Map1_q_withKohonen_kohSize60.txt, 1836, 18172, 9.18%, 0, 0, 0.00%, 1836, 18172, 9.18%, 0, 0, 0.00%, 0, 0, 0.00%, 0, 0, 0.00%, 0, 0, 0.00%, 
[Map1 Map1 Map1 Map1 ], 5000, 5000, False, 0.2, 1, 0.3, 60, 60, 2, 0.25, 1, run4_cosDist_Map1_koh_withKohonen_kohSize60.txt, run4_cosDist_Map1_q_withKohonen_kohSize60.txt, run4_cosDist_Map1_koh_withKohonen_kohSize60.txt, run4_cosDist_Map1_q_withKohonen_kohSize60.txt, 3510, 16496, 17.54%, 0, 0, 0.00%, 3510, 16496, 17.54%, 0, 0, 0.00%, 0, 0, 0.00%, 0, 0, 0.00%, 0, 0, 0.00%, 
[Map1 Map1 Map1 Map1 ], 5000, 5000, False, 0.1, 1, 0.25, 60, 60, 2, 0.25, 1, run4_cosDist_Map1_koh_withKohonen_kohSize60.txt, run4_cosDist_Map1_q_withKohonen_kohSize60.txt, run4_cosDist_Map1_koh_withKohonen_kohSize60.txt, run4_cosDist_Map1_q_withKohonen_kohSize60.txt, 3911, 16095, 19.55%, 0, 0, 0.00%, 3911, 16095, 19.55%, 0, 0, 0.00%, 0, 0, 0.00%, 0, 0, 0.00%, 0, 0, 0.00%, 
[Map1 Map1 Map1 Map1 ], 2500, 0, False, 0.0001, 1, 0.01, 60, 60, 2, 0.25, 1, run4_cosDist_Map1_koh_withKohonen_kohSize60.txt, run4_cosDist_Map1_q_withKohonen_kohSize60.txt, run4_cosDist_Map1_koh_withKohonen_kohSize60.txt, run4_cosDist_Map1_q_withKohonen_kohSize60.txt, 4958, 5048, 49.55%, 0, 0, 0.00%, 4958, 5048, 49.55%, 0, 0, 0.00%, 0, 0, 0.00%, 0, 0, 0.00%, 0, 0, 0.00%, 

[Map2 Map2 Map2 Map2 ], 5000, 5000, False, 0.3, 1, 0.5, 60, 60, 2, 0.5, 1, , , run4_cosDist_Map2_koh_withKohonen_kohSize60.txt, run4_cosDist_Map2_q_withKohonen_kohSize60.txt, 1318, 18689, 6.59%, 0, 0, 0.00%, 0, 0, 0.00%, 1318, 18689, 6.59%, 0, 0, 0.00%, 0, 0, 0.00%, 0, 0, 0.00%, 
[Map2 Map2 Map2 Map2 ], 5000, 5000, False, 0.3, 1, 0.5, 60, 60, 2, 0.25, 1, run4_cosDist_Map2_koh_withKohonen_kohSize60.txt, run4_cosDist_Map2_q_withKohonen_kohSize60.txt, run4_cosDist_Map2_koh_withKohonen_kohSize60.txt, run4_cosDist_Map2_q_withKohonen_kohSize60.txt, 1511, 18496, 7.55%, 0, 0, 0.00%, 0, 0, 0.00%, 1511, 18496, 7.55%, 0, 0, 0.00%, 0, 0, 0.00%, 0, 0, 0.00%, 
[Map2 Map2 Map2 Map2 ], 5000, 5000, False, 0.2, 1, 0.3, 60, 60, 2, 0.25, 1, run4_cosDist_Map2_koh_withKohonen_kohSize60.txt, run4_cosDist_Map2_q_withKohonen_kohSize60.txt, run4_cosDist_Map2_koh_withKohonen_kohSize60.txt, run4_cosDist_Map2_q_withKohonen_kohSize60.txt, 2145, 17862, 10.72%, 0, 0, 0.00%, 0, 0, 0.00%, 2145, 17862, 10.72%, 0, 0, 0.00%, 0, 0, 0.00%, 0, 0, 0.00%, 
[Map2 Map2 Map2 Map2 ], 5000, 5000, False, 0.1, 1, 0.25, 60, 60, 2, 0.25, 1, run4_cosDist_Map2_koh_withKohonen_kohSize60.txt, run4_cosDist_Map2_q_withKohonen_kohSize60.txt, run4_cosDist_Map2_koh_withKohonen_kohSize60.txt, run4_cosDist_Map2_q_withKohonen_kohSize60.txt, 2439, 17569, 12.19%, 0, 0, 0.00%, 0, 0, 0.00%, 2439, 17569, 12.19%, 0, 0, 0.00%, 0, 0, 0.00%, 0, 0, 0.00%, 
[Map2 Map2 Map2 Map2 ], 2500, 0, False, 0.0001, 1, 0.01, 60, 60, 2, 0.25, 1, run4_cosDist_Map2_koh_withKohonen_kohSize60.txt, run4_cosDist_Map2_q_withKohonen_kohSize60.txt, run4_cosDist_Map2_koh_withKohonen_kohSize60.txt, run4_cosDist_Map2_q_withKohonen_kohSize60.txt, 1615, 8392, 16.14%, 0, 0, 0.00%, 0, 0, 0.00%, 1615, 8392, 16.14%, 0, 0, 0.00%, 0, 0, 0.00%, 0, 0, 0.00%, 

[Map3 Map3 Map3 Map3 ], 5000, 5000, False, 0.3, 1, 0.5, 60, 60, 2, 0.5, 1, , , run4_cosDist_Map3_koh_withKohonen_kohSize60.txt, run4_cosDist_Map3_q_withKohonen_kohSize60.txt, 627, 19381, 3.13%, 0, 0, 0.00%, 0, 0, 0.00%, 0, 0, 0.00%, 627, 19381, 3.13%, 0, 0, 0.00%, 0, 0, 0.00%, 
[Map3 Map3 Map3 Map3 ], 5000, 5000, False, 0.3, 1, 0.5, 60, 60, 2, 0.25, 1, run4_cosDist_Map3_koh_withKohonen_kohSize60.txt, run4_cosDist_Map3_q_withKohonen_kohSize60.txt, run4_cosDist_Map3_koh_withKohonen_kohSize60.txt, run4_cosDist_Map3_q_withKohonen_kohSize60.txt, 831, 19177, 4.15%, 0, 0, 0.00%, 0, 0, 0.00%, 0, 0, 0.00%, 831, 19177, 4.15%, 0, 0, 0.00%, 0, 0, 0.00%, 
[Map3 Map3 Map3 Map3 ], 5000, 5000, False, 0.2, 1, 0.3, 60, 60, 2, 0.25, 1, run4_cosDist_Map3_koh_withKohonen_kohSize60.txt, run4_cosDist_Map3_q_withKohonen_kohSize60.txt, run4_cosDist_Map3_koh_withKohonen_kohSize60.txt, run4_cosDist_Map3_q_withKohonen_kohSize60.txt, 1282, 18725, 6.41%, 0, 0, 0.00%, 0, 0, 0.00%, 0, 0, 0.00%, 1282, 18725, 6.41%, 0, 0, 0.00%, 0, 0, 0.00%, 
[Map3 Map3 Map3 Map3 ], 5000, 5000, False, 0.1, 1, 0.25, 60, 60, 2, 0.25, 1, run4_cosDist_Map3_koh_withKohonen_kohSize60.txt, run4_cosDist_Map3_q_withKohonen_kohSize60.txt, run4_cosDist_Map3_koh_withKohonen_kohSize60.txt, run4_cosDist_Map3_q_withKohonen_kohSize60.txt, 1925, 18083, 9.62%, 0, 0, 0.00%, 0, 0, 0.00%, 0, 0, 0.00%, 1925, 18083, 9.62%, 0, 0, 0.00%, 0, 0, 0.00%, 
[Map3 Map3 Map3 Map3 ], 2500, 0, False, 0.0001, 1, 0.01, 60, 60, 2, 0.25, 1, run4_cosDist_Map3_koh_withKohonen_kohSize60.txt, run4_cosDist_Map3_q_withKohonen_kohSize60.txt, run4_cosDist_Map3_koh_withKohonen_kohSize60.txt, run4_cosDist_Map3_q_withKohonen_kohSize60.txt, 160, 9847, 1.60%, 0, 0, 0.00%, 0, 0, 0.00%, 0, 0, 0.00%, 160, 9847, 1.60%, 0, 0, 0.00%, 0, 0, 0.00%, 

[Map4 Map4 Map4 Map4 ], 5000, 5000, False, 0.3, 1, 0.5, 60, 60, 2, 0.5, 1, , , run4_cosDist_Map4_koh_withKohonen_kohSize60.txt, run4_cosDist_Map4_q_withKohonen_kohSize60.txt, 1959, 18049, 9.79%, 0, 0, 0.00%, 0, 0, 0.00%, 0, 0, 0.00%, 0, 0, 0.00%, 1959, 18049, 9.79%, 0, 0, 0.00%, 
[Map4 Map4 Map4 Map4 ], 5000, 5000, False, 0.3, 1, 0.5, 60, 60, 2, 0.25, 1, run4_cosDist_Map4_koh_withKohonen_kohSize60.txt, run4_cosDist_Map4_q_withKohonen_kohSize60.txt, run4_cosDist_Map4_koh_withKohonen_kohSize60.txt, run4_cosDist_Map4_q_withKohonen_kohSize60.txt, 2314, 17694, 11.57%, 0, 0, 0.00%, 0, 0, 0.00%, 0, 0, 0.00%, 0, 0, 0.00%, 2314, 17694, 11.57%, 0, 0, 0.00%, 
[Map4 Map4 Map4 Map4 ], 5000, 5000, False, 0.2, 1, 0.3, 60, 60, 2, 0.25, 1, run4_cosDist_Map4_koh_withKohonen_kohSize60.txt, run4_cosDist_Map4_q_withKohonen_kohSize60.txt, run4_cosDist_Map4_koh_withKohonen_kohSize60.txt, run4_cosDist_Map4_q_withKohonen_kohSize60.txt, 3488, 16519, 17.43%, 0, 0, 0.00%, 0, 0, 0.00%, 0, 0, 0.00%, 0, 0, 0.00%, 3488, 16519, 17.43%, 0, 0, 0.00%, 
[Map4 Map4 Map4 Map4 ], 5000, 5000, False, 0.1, 1, 0.25, 60, 60, 2, 0.25, 1, run4_cosDist_Map4_koh_withKohonen_kohSize60.txt, run4_cosDist_Map4_q_withKohonen_kohSize60.txt, run4_cosDist_Map4_koh_withKohonen_kohSize60.txt, run4_cosDist_Map4_q_withKohonen_kohSize60.txt, 4085, 15923, 20.42%, 0, 0, 0.00%, 0, 0, 0.00%, 0, 0, 0.00%, 0, 0, 0.00%, 4085, 15923, 20.42%, 0, 0, 0.00%, 
[Map4 Map4 Map4 Map4 ], 2500, 0, False, 0.0001, 1, 0.01, 60, 60, 2, 0.25, 1, run4_cosDist_Map4_koh_withKohonen_kohSize60.txt, run4_cosDist_Map4_q_withKohonen_kohSize60.txt, run4_cosDist_Map4_koh_withKohonen_kohSize60.txt, run4_cosDist_Map4_q_withKohonen_kohSize60.txt, 2982, 7026, 29.80%, 0, 0, 0.00%, 0, 0, 0.00%, 0, 0, 0.00%, 0, 0, 0.00%, 2982, 7026, 29.80%, 0, 0, 0.00%, 

[Map5 Map5 Map5 Map5 ], 5000, 5000, False, 0.3, 1, 0.5, 60, 60, 2, 0.5, 1, , , run4_cosDist_Map5_koh_withKohonen_kohSize60.txt, run4_cosDist_Map5_q_withKohonen_kohSize60.txt, 370, 19638, 1.85%, 0, 0, 0.00%, 0, 0, 0.00%, 0, 0, 0.00%, 0, 0, 0.00%, 0, 0, 0.00%, 370, 19638, 1.85%, 
[Map5 Map5 Map5 Map5 ], 5000, 5000, False, 0.3, 1, 0.5, 60, 60, 2, 0.25, 1, run4_cosDist_Map5_koh_withKohonen_kohSize60.txt, run4_cosDist_Map5_q_withKohonen_kohSize60.txt, run4_cosDist_Map5_koh_withKohonen_kohSize60.txt, run4_cosDist_Map5_q_withKohonen_kohSize60.txt, 408, 19600, 2.04%, 0, 0, 0.00%, 0, 0, 0.00%, 0, 0, 0.00%, 0, 0, 0.00%, 0, 0, 0.00%, 408, 19600, 2.04%, 
[Map5 Map5 Map5 Map5 ], 5000, 5000, False, 0.2, 1, 0.3, 60, 60, 2, 0.25, 1, run4_cosDist_Map5_koh_withKohonen_kohSize60.txt, run4_cosDist_Map5_q_withKohonen_kohSize60.txt, run4_cosDist_Map5_koh_withKohonen_kohSize60.txt, run4_cosDist_Map5_q_withKohonen_kohSize60.txt, 586, 19421, 2.93%, 0, 0, 0.00%, 0, 0, 0.00%, 0, 0, 0.00%, 0, 0, 0.00%, 0, 0, 0.00%, 586, 19421, 2.93%, 
[Map5 Map5 Map5 Map5 ], 5000, 5000, False, 0.1, 1, 0.25, 60, 60, 2, 0.25, 1, run4_cosDist_Map5_koh_withKohonen_kohSize60.txt, run4_cosDist_Map5_q_withKohonen_kohSize60.txt, run4_cosDist_Map5_koh_withKohonen_kohSize60.txt, run4_cosDist_Map5_q_withKohonen_kohSize60.txt, 539, 19469, 2.69%, 0, 0, 0.00%, 0, 0, 0.00%, 0, 0, 0.00%, 0, 0, 0.00%, 0, 0, 0.00%, 539, 19469, 2.69%, 
[Map5 Map5 Map5 Map5 ], 2500, 0, False, 0.0001, 1, 0.01, 60, 60, 2, 0.25, 1, run4_cosDist_Map5_koh_withKohonen_kohSize60.txt, run4_cosDist_Map5_q_withKohonen_kohSize60.txt, run4_cosDist_Map5_koh_withKohonen_kohSize60.txt, run4_cosDist_Map5_q_withKohonen_kohSize60.txt, 338, 9669, 3.38%, 0, 0, 0.00%, 0, 0, 0.00%, 0, 0, 0.00%, 0, 0, 0.00%, 0, 0, 0.00%, 338, 9669, 3.38%, 

